ID,Name,Macroarea,Latitude,Longitude,Glottocode,ISO639P3code,Genus,Family
nuukingh,N|Uuki,,-29.716666666666665,19.083333333333332,nuuu1241,ngh,Tuu,Tuu
hoanhuc,=|Hoan,,-25.5,25.0,hoaa1235,huc,=|Hoan,Kxa
juhoanknw,Ju|'hoan,,-19.0,21.0,kung1261,knw,Ju-Kung,Kxa
koranakqz,Korana,,-29.5,20.5,kora1292,kqz,Khoe-Kwadi,Khoe-Kwadi
namanaq,Nama,,-25.5,18.0,nama1264,naq,Khoe-Kwadi,Khoe-Kwadi
anihnh,//Ani,,-18.916666666666668,21.916666666666668,anii1246,hnh,Khoe-Kwadi,Khoe-Kwadi
sandawesad,Sandawe,,-5.0,35.0,sand1273,sad,Sandawe,Sandawe
zuluzul,Zulu,,-30.0,30.0,zulu1248,zul,Bantoid,Niger-Congo
rongarng,Ronga,,-26.0,32.5,rong1268,rng,Bantoid,Niger-Congo
chichewanya,Chichewa,,-14.0,34.0,nyan1308,nya,Bantoid,Niger-Congo
lambalam,Lamba,,-13.0,28.0,lamb1271,lam,Bantoid,Niger-Congo
nyakyusanyy,Nyakyusa,,-9.333333333333334,33.75,nyak1260,nyy,Bantoid,Niger-Congo
kikuyukik,Kikuyu,,-0.75,36.75,kiku1240,kik,Bantoid,Niger-Congo
digodig,Digo,,-4.333333333333333,39.416666666666664,digo1243,dig,Bantoid,Niger-Congo
maorecomorianswb,Maore Comorian,,-12.0,44.333333333333336,maor1244,swb,Bantoid,Niger-Congo
nyamwezinym,Nyamwezi,,-5.0,33.0,nyam1276,nym,Bantoid,Niger-Congo
kagulukki,Kagulu,,-6.333333333333333,37.0,kagu1239,kki,Bantoid,Niger-Congo
swahiliswh,Swahili,,-6.5,39.0,swah1253,swh,Bantoid,Niger-Congo
benatanzaniabez,Bena (Tanzania),,-9.25,35.0,bena1262,bez,Bantoid,Niger-Congo
nkorekigacgg,Nkore-Kiga,,-0.9166666666666666,29.833333333333332,chig1238,cgg,Bantoid,Niger-Congo
runyankorenyn,Runyankore,,-0.5,30.5,nyan1307,nyn,Bantoid,Niger-Congo
hayahay,Haya,,-2.0,31.5,haya1250,hay,Bantoid,Niger-Congo
kifuliiruflr,Kifuliiru,,-3.0,29.0,fuli1240,flr,Bantoid,Niger-Congo
bembebmb,Bembe,,-4.25,28.666666666666668,bemb1255,bmb,Bantoid,Niger-Congo
ndumunmd,Ndumu,,-1.6666666666666665,13.583333333333334,ndum1239,nmd,Bantoid,Niger-Congo
nzadi,Nzadi,,-3.5,19.0,nzad1234,,Bantoid,Niger-Congo
luvaleluv,Luvale,,-12.0,22.0,luwa1238,luv,Bantoid,Niger-Congo
lundalun,Lunda,,-10.666666666666666,24.0,lund1266,lun,Bantoid,Niger-Congo
kwangalikwn,Kwangali,,-18.0,19.5,kwan1273,kwn,Bantoid,Niger-Congo
tunentvu,Tunen,,4.75,10.666666666666666,tune1261,tvu,Bantoid,Niger-Congo
akoosebss,Akoose,,5.083333333333333,9.666666666666666,akoo1248,bss,Bantoid,Niger-Congo
bakueribri,Bakueri,,4.25,9.25,mokp1239,bri,Bantoid,Niger-Congo
etoneto,Eton,,4.25,11.416666666666666,eton1253,eto,Bantoid,Niger-Congo
kakokkj,Kako,,4.416666666666667,14.416666666666666,kako1242,kkj,Bantoid,Niger-Congo
kenyangken,Kenyang,,5.666666666666667,9.5,keny1279,ken,Bantoid,Niger-Congo
aghemagq,Aghem,,6.666666666666667,10.0,aghe1239,agq,Bantoid,Niger-Congo
mmenbfm,Mmen,,6.45,10.2,mmen1238,bfm,Bantoid,Niger-Congo
babungobav,Babungo,,6.116666666666666,10.416666666666666,veng1238,bav,Bantoid,Niger-Congo
mundanimnf,Mundani,,5.666666666666667,9.916666666666666,mund1327,mnf,Bantoid,Niger-Congo
mungbammij,Mungbam,,6.583333333333333,10.25,abar1238,mij,Bantoid,Niger-Congo
nchanencr,Nchane,,6.5,10.5,ncan1245,ncr,Bantoid,Niger-Congo
tikartik,Tikar,,5.833333333333333,11.666666666666666,tika1246,tik,Bantoid,Niger-Congo
nupenup,Nupe,,9.166666666666666,5.416666666666667,nupe1254,nup,Nupoid,Niger-Congo
gwarigbr,Gwari,,9.5,7.0,gbag1258,gbr,Nupoid,Niger-Congo
yorubayor,Yoruba,,8.0,4.333333333333333,yoru1245,yor,Defoid,Niger-Congo
igedeige,Igede,,7.0,8.166666666666666,iged1239,ige,Idomoid,Niger-Congo
engennienn,Engenni,,5.166666666666667,6.383333333333334,enge1239,enn,Edoid,Niger-Congo
igboibo,Igbo,,6.0,7.333333333333333,nucl1417,ibo,Igboid,Niger-Congo
ikaikk,Iká,,6.366666666666666,6.283333333333333,ikaa1238,ikk,Igboid,Niger-Congo
kutebkub,Kuteb,,7.166666666666667,10.166666666666666,kute1248,kub,Jukunoid,Niger-Congo
jukunjbu,Jukun,,6.916666666666667,10.416666666666666,juku1254,jbu,Jukunoid,Niger-Congo
migilimgi,Migili,,8.5,8.666666666666666,liji1238,mgi,Platoid,Niger-Congo
birombom,Birom,,9.666666666666666,8.833333333333334,bero1242,bom,Platoid,Niger-Congo
fyempym,Fyem,,9.583333333333334,9.333333333333334,fyam1238,pym,Platoid,Niger-Congo
ikaankcf,Ikaan,,7.583333333333333,6.0,ukaa1243,kcf,Ukaan,Niger-Congo
ogbronuagumogu,Ogbronuagum,,4.75,6.866666666666667,ogbr1243,ogu,Cross River,Niger-Congo
oboloann,Obolo,,4.583333333333333,7.833333333333333,obol1243,ann,Cross River,Niger-Congo
kanaogo,Kana,,4.75,7.416666666666667,khan1278,ogo,Cross River,Niger-Congo
efikefi,Efik,,4.916666666666667,8.5,efik1245,efi,Cross River,Niger-Congo
ibibioibb,Ibibio,,5.25,7.833333333333333,ibib1240,ibb,Cross River,Niger-Congo
leggboagb,Leggbó,,6.0,8.0,legb1242,agb,Cross River,Niger-Congo
dukadud,Duka,,11.166666666666666,5.083333333333333,huns1239,dud,Kainji,Niger-Congo
amoamo,Amo,,10.333333333333334,8.666666666666666,amoo1242,amo,Kainji,Niger-Congo
semesif,Seme,,11.0,-4.916666666666667,siam1242,sif,Kru,Niger-Congo
akanaka,Akan,,6.5,-1.25,akan1250,aka,Kwa,Niger-Congo
anufocko,Anufo,,10.083333333333334,0.25,anuf1239,cko,Kwa,Niger-Congo
bauletul,Baule,,7.0,-5.0,tula1252,tul,Kwa,Niger-Congo
nkonyanko,Nkonya,,7.166666666666667,0.25,nkon1248,nko,Kwa,Niger-Congo
chumburungncu,Chumburung,,7.75,0.25,chum1261,ncu,Kwa,Niger-Congo
ebrieebr,Ebrie,,5.333333333333333,-4.0,ebri1238,ebr,Kwa,Niger-Congo
seleesnw,Selee,,7.166666666666667,0.4166666666666667,sele1249,snw,Kwa,Niger-Congo
logbalgq,Logba,,6.916666666666667,0.38333333333333336,logb1245,lgq,Kwa,Niger-Congo
igoahl,Igo,,7.25,0.5833333333333334,igoo1238,ahl,Kwa,Niger-Congo
tafitcd,Tafi,,6.8,0.4,tafi1243,tcd,Kwa,Niger-Congo
eweewe,Ewe,,6.333333333333333,0.4166666666666667,ewee1241,ewe,Kwa,Niger-Congo
fongbefon,Fongbe,,6.416666666666667,2.1666666666666665,fonn1241,fon,Kwa,Niger-Congo
gungbeguw,Gungbe,,6.5,2.5,gunn1250,guw,Kwa,Niger-Congo
adioukrouadj,Adioukrou,,5.416666666666667,-4.583333333333333,adio1239,adj,Kwa,Niger-Congo
nanergesen,Nanerge,,11.75,-5.0,nane1238,sen,Senufo,Niger-Congo
supyirespp,Supyire,,11.5,-5.583333333333333,supy1237,spp,Senufo,Niger-Congo
gbeyabossangoagbp,Gbeya Bossangoa,,6.666666666666667,17.5,gbay1287,gbp,Gbaya-Manza-Ngbaka,Niger-Congo
mbodomogmm,Mbodomo,,4.5,15.5,gbay1281,gmm,Gbaya-Manza-Ngbaka,Niger-Congo
ngbandingb,Ngbandi,,3.75,22.0,nort2774,ngb,Ubangi,Niger-Congo
sangosag,Sango,,5.0,18.0,sang1328,sag,Ubangi,Niger-Congo
mayogomdm,Mayogo,,2.8333333333333335,27.916666666666668,mayo1261,mdm,Ubangi,Niger-Congo
munzombomoj,Munzombo,,3.0,18.416666666666668,monz1249,moj,Ubangi,Niger-Congo
bakaincameroonbkc,Baka (in Cameroon),,2.5833333333333335,13.583333333333334,baka1272,bkc,Ubangi,Niger-Congo
lindaliy,Linda,,6.5,20.75,band1344,liy,Ubangi,Niger-Congo
zandezne,Zande,,4.0,26.0,zand1248,zne,Ubangi,Niger-Congo
nzakaranzk,Nzakara,,5.0,23.0,nzak1247,nzk,Ubangi,Niger-Congo
barambubrm,Barambu,,3.5,27.0,bara1361,brm,Ubangi,Niger-Congo
dongodoo,Dongo,,3.0,30.0,dong1290,doo,Ubangi,Niger-Congo
diidur,Dii,,8.0,14.0,diii1241,dur,Samba-Duru,Niger-Congo
sambalekondi,Samba Leko,,8.5,12.5,samb1305,ndi,Samba-Duru,Niger-Congo
doyayodow,Doyayo,,8.666666666666666,13.083333333333334,doya1240,dow,Samba-Duru,Niger-Congo
mumuyemzm,Mumuye,,9.0,11.666666666666666,nucl1240,mzm,Mumuye-Yandang,Niger-Congo
mbummdd,Mbum,,7.75,13.166666666666666,mbum1254,mdd,Mbumic,Niger-Congo
mundangmua,Mundang,,9.666666666666666,14.5,mund1325,mua,Mbumic,Niger-Congo
daydai,Day,,8.75,17.833333333333332,dayy1236,dai,Day,Niger-Congo
luanie,Lua,,9.75,17.75,niel1243,nie,Bua,Niger-Congo
kulangonku,Kulango,,9.0,-3.0,boun1243,nku,Kulango-Lorom,Niger-Congo
koromfekfz,Koromfe,,14.25,-0.9166666666666666,koro1298,kfz,Northern-Central Gur,Niger-Congo
mooremos,Mooré,,12.833333333333334,-1.25,moss1236,mos,Northern-Central Gur,Niger-Congo
dagbanidag,Dagbani,,9.583333333333334,-0.5,dagb1246,dag,Northern-Central Gur,Niger-Congo
ngangamgng,Ngangam,,10.166666666666666,0.5,ngan1299,gng,Northern-Central Gur,Niger-Congo
sisaalawesternssl,Sisaala (Western),,10.833333333333334,-2.3333333333333335,west2465,ssl,Southern-Central Gur,Niger-Congo
chakalicli,Chakali,,9.916666666666666,-1.9166666666666665,chak1271,cli,Southern-Central Gur,Niger-Congo
egaega,Ega,,5.5,-5.5,egaa1242,ega,Ega,Niger-Congo
bagasitemubsp,Baga Sitemu,,10.5,-14.5,baga1272,bsp,Mel,Niger-Congo
manibuy,Mani,,9.0,-13.166666666666666,bull1247,buy,Mel,Niger-Congo
kisikiz,Kisi,,8.833333333333334,-10.166666666666666,kisi1243,kiz,Mel,Niger-Congo
fulfuldenigerianfuv,Fulfulde (Nigerian),,10.25,11.25,nige1253,fuv,Peul-Serer,Niger-Congo
fulfuldeadamawafub,Fulfulde (Adamawa),,9.166666666666666,13.5,adam1253,fub,Peul-Serer,Niger-Congo
wolofwof,Wolof,,15.25,-16.0,gamb1252,wof,Wolof,Niger-Congo
ndutndv,Ndut,,14.916666666666666,-16.916666666666668,ndut1239,ndv,Cangin,Niger-Congo
noonsnf,Noon,,14.833333333333334,-16.833333333333332,noon1242,snf,Cangin,Niger-Congo
diolafognydyo,Diola-Fogny,,13.0,-16.25,jola1263,dyo,Bak,Niger-Congo
ijokolokumaijc,Ijo (Kolokuma),,4.916666666666667,5.666666666666667,izon1238,ijc,Ijoid,Ijoid
katlakcr,Katla,,11.75,29.333333333333332,katl1237,kcr,Katla-Tima,Kordofanian
timatms,Tima,,11.666666666666666,29.25,tima1241,tms,Katla-Tima,Kordofanian
otorootr,Otoro,,11.166666666666666,30.5,otor1240,otr,Heiban,Kordofanian
moromor,Moro,,11.0,30.166666666666668,moro1285,mor,Heiban,Kordofanian
masakinjle,Masakin,,10.666666666666666,30.0,ngil1242,jle,Talodi,Kordofanian
dandnj,Dan,,7.5,-8.0,nucl1770,dnj,Eastern Mande,Mande
monamoa,Mona,,7.916666666666667,-5.916666666666667,mwan1250,moa,Eastern Mande,Mande
busabqp,Busa,,9.666666666666666,4.0,busa1253,bqp,Eastern Mande,Mande
bokobqc,Boko,,10.5,3.5,boko1266,bqc,Eastern Mande,Mande
jelijek,Jeli,,9.5,-5.666666666666667,jeri1242,jek,Western Mande,Mande
maninkawesternmlq,Maninka (Western),,13.0,-11.0,west2500,mlq,Western Mande,Mande
mandinkagambianmnk,Mandinka (Gambian),,13.416666666666666,-16.0,mand1436,mnk,Western Mande,Mande
xasongakao,Xasonga,,14.25,-10.5,xaas1235,kao,Western Mande,Mande
maukamxx,Mauka,,8.333333333333334,-7.5,maho1249,mxx,Western Mande,Mande
vaivai,Vai,,6.916666666666667,-11.25,vaii1241,vai,Western Mande,Mande
jalonkeyal,Jalonke,,10.166666666666666,-11.0,yalu1240,yal,Western Mande,Mande
bobomadaresouthernbwq,Bobo Madaré (Southern),,11.5,-4.416666666666667,sout2840,bwq,Western Mande,Mande
dzuungoodnn,Dzùùngoo,,11.416666666666666,-5.0,dzuu1241,dnn,Western Mande,Mande
donnosodds,Donno So,,14.333333333333334,-3.5,donn1239,dds,Dogon,Dogon
jamsaydjm,Jamsay,,14.416666666666666,-2.5,jams1239,djm,Dogon,Dogon
tommosodto,Tommo So,,14.75,-3.25,tomm1242,dto,Dogon,Dogon
katchaxtc,Katcha,,10.833333333333334,29.666666666666668,katc1249,xtc,Kadugli,Kadu
krongokgo,Krongo,,10.5,30.0,kron1241,kgo,Kadugli,Kadu
koyraborosennises,Koyraboro Senni,,16.0,0.0,koyr1242,ses,Songhay,Songhay
zarmadje,Zarma,,13.833333333333334,2.1666666666666665,zarm1239,dje,Songhay,Songhay
koyrachiinikhq,Koyra Chiini,,17.0,-3.0,koyr1240,khq,Songhay,Songhay
tadaksahakdsq,Tadaksahak,,16.666666666666668,2.3333333333333335,tada1238,dsq,Songhay,Songhay
beriazag,Beria,,16.0,23.0,zagh1240,zag,Eastern Saharan,Saharan
kanuriknc,Kanuri,,12.0,13.0,cent2050,knc,Western Saharan,Saharan
tubudzg,Tubu,,16.0,15.0,daza1242,dzg,Western Saharan,Saharan
mabamde,Maba,,13.75,20.833333333333332,maba1277,mde,Maban,Maban
masalitmls,Masalit,,13.333333333333334,22.0,nucl1440,mls,Maban,Maban
rungarou,Runga,,10.333333333333334,21.0,rung1258,rou,Maban,Maban
furfvr,Fur,,13.5,25.0,furr1244,fvr,Fur,Fur
nubiandongolesedgl,Nubian (Dongolese),,21.25,32.0,dong1288,dgl,Nubian,East Sudanic
nubiankunuzxnz,Nubian (Kunuz),,24.0,33.0,kenu1243,xnz,Nubian,East Sudanic
midobmei,Midob,,15.083333333333334,26.25,mido1240,mei,Nubian,East Sudanic
murlemur,Murle,,6.5,33.5,murl1244,mur,Surmic,East Sudanic
baalekoe,Baale,,6.5,34.5,kaci1244,koe,Surmic,East Sudanic
tennettex,Tennet,,4.416666666666667,32.5,tenn1246,tex,Surmic,East Sudanic
majangmpe,Majang,,6.75,35.0,maja1242,mpe,Surmic,East Sudanic
koeguxwg,Koegu,,7.0,36.083333333333336,kweg1241,xwg,Surmic,East Sudanic
mursimuz,Mursi,,5.583333333333333,36.083333333333336,murs1242,muz,Surmic,East Sudanic
gaahmgtbi,Gaahmg,,11.5,34.0,gaam1241,tbi,Eastern Jebel,East Sudanic
nyimangnyi,Nyimang,,12.166666666666666,29.333333333333332,amas1236,nyi,Nyimang,East Sudanic
temeinteq,Temein,,11.916666666666666,29.416666666666668,nucl1339,teq,Temein,East Sudanic
tamatma,Tama,,14.5,22.0,tama1331,tma,Taman,East Sudanic
shattshj,Shatt,,10.833333333333334,30.0,shat1244,shj,Daju,East Sudanic
laggoriliu,Laggori,,11.166666666666666,29.833333333333332,logo1261,liu,Daju,East Sudanic
shillukshk,Shilluk,,9.666666666666666,31.75,shil1265,shk,Nilotic,East Sudanic
anywaanu,Anywa,,8.0,33.5,anua1242,anu,Nilotic,East Sudanic
luoluo,Luo,,-0.5,34.75,luok1236,luo,Nilotic,East Sudanic
langolaj,Lango,,2.1666666666666665,33.0,lang1324,laj,Nilotic,East Sudanic
acholiach,Acholi,,3.0,32.666666666666664,acol1236,ach,Nilotic,East Sudanic
baribfa,Bari,,5.0,31.666666666666668,bari1284,bfa,Nilotic,East Sudanic
maasaimas,Maasai,,-3.0,36.0,masa1300,mas,Nilotic,East Sudanic
camussaq,Camus,,1.3333333333333333,37.0,samb1315,saq,Nilotic,East Sudanic
nyangatomnnj,Nyangatom,,5.416666666666667,35.666666666666664,nyan1315,nnj,Nilotic,East Sudanic
turkanatuv,Turkana,,3.0,35.5,turk1308,tuv,Nilotic,East Sudanic
sebeikpz,Sebei,,1.3333333333333333,34.583333333333336,kups1238,kpz,Nilotic,East Sudanic
pokotpko,Pokot,,1.5,35.5,poko1263,pko,Nilotic,East Sudanic
ikikx,Ik,,3.75,34.166666666666664,ikkk1242,ikx,Kuliak,Kuliak
soteu,So,,2.5833333333333335,34.75,sooo1256,teu,Kuliak,Kuliak
bakainsudanbdh,Baka (in Sudan),,4.833333333333333,29.25,baka1274,bdh,Bongo-Bagirmi,Central Sudanic
ngambaysba,Ngambay,,8.666666666666666,16.0,ngam1268,sba,Bongo-Bagirmi,Central Sudanic
mbaymyb,Mbay,,8.25,17.5,mbay1241,myb,Bongo-Bagirmi,Central Sudanic
karaincentralafricanrepublickah,Kara (in Central African Republic),,10.0,23.0,kara1482,kah,Bongo-Bagirmi,Central Sudanic
yuluyul,Yulu,,8.5,25.25,yulu1243,yul,Bongo-Bagirmi,Central Sudanic
morumgd,Moru,,4.75,29.75,moru1253,mgd,Moru-Ma'di,Central Sudanic
logotilog,Logoti,,3.5,30.0,logo1259,log,Moru-Ma'di,Central Sudanic
lugbaralgg,Lugbara,,3.0833333333333335,30.916666666666668,lugb1240,lgg,Moru-Ma'di,Central Sudanic
madimhi,Ma'di,,3.25,31.5,madi1260,mhi,Moru-Ma'di,Central Sudanic
mamvumdi,Mamvu,,3.25,29.0,mamv1243,mdi,Mangbutu-Efe,Central Sudanic
mangbetumdj,Mangbetu,,2.5,26.5,mang1394,mdj,Mangbetu,Central Sudanic
lenduled,Lendu,,2.0,30.5,lend1245,led,Lendu,Central Sudanic
ngitiniy,Ngiti,,1.3333333333333333,30.25,ngit1239,niy,Lendu,Central Sudanic
kreshkrs,Kresh,,8.5,24.5,gbay1288,krs,Kresh,Central Sudanic
ajaaja,Aja,,7.333333333333333,25.666666666666668,ajas1235,aja,Kresh,Central Sudanic
bertawti,Berta,,10.333333333333334,34.666666666666664,bert1248,wti,Berta,Berta
kunamakun,Kunama,,14.5,37.0,kuna1268,kun,Kunama,Kunama
gwamakmq,Gwama,,9.583333333333334,34.25,kwam1249,kmq,Koman,Koman
aariaiw,Aari,,6.0,36.583333333333336,aari1239,aiw,South Omotic,Afro-Asiatic
dimedim,Dime,,6.166666666666667,36.25,dime1235,dim,South Omotic,Afro-Asiatic
dizimdx,Dizi,,6.166666666666667,36.5,dizi1235,mdx,Dizoid,Afro-Asiatic
northernmaomyf,Northern Mao,,9.833333333333334,34.666666666666664,bamb1262,myf,Mao,Afro-Asiatic
yemsajnj,Yemsa,,7.833333333333333,37.333333333333336,yems1235,jnj,North Omotic,Afro-Asiatic
maalemdy,Maale,,6.0,36.916666666666664,male1284,mdy,North Omotic,Afro-Asiatic
wolayttawal,Wolaytta,,6.833333333333333,37.75,wola1242,wal,North Omotic,Afro-Asiatic
kullodwr,Kullo,,6.583333333333333,37.13333333333333,dawr1236,dwr,North Omotic,Afro-Asiatic
gamogmv,Gamo,,6.666666666666667,37.25,gamo1243,gmv,North Omotic,Afro-Asiatic
kooretekqy,Koorete,,5.75,37.75,koor1239,kqy,North Omotic,Afro-Asiatic
zaysezay,Zayse,,5.916666666666667,37.333333333333336,zays1235,zay,North Omotic,Afro-Asiatic
copticcop,Coptic,,26.0,32.0,copt1239,cop,Egyptian-Coptic,Afro-Asiatic
berbersiwasiz,Berber (Siwa),,29.166666666666668,25.5,siwi1239,siz,Berber,Afro-Asiatic
berbermiddleatlastzm,Berber (Middle Atlas),,33.0,-5.0,cent2194,tzm,Berber,Afro-Asiatic
ghadamesgha,Ghadames,,30.0,10.0,ghad1239,gha,Berber,Afro-Asiatic
berberrifrif,Berber (Rif),,34.5,-4.0,tari1263,rif,Berber,Afro-Asiatic
berberfiguiggrr,Berber (Figuig),,32.5,-1.5,tazn1238,grr,Berber,Afro-Asiatic
tamashektaq,Tamashek,,20.0,-2.0,tama1365,taq,Berber,Afro-Asiatic
masamcn,Masa,,10.5,15.5,masa1322,mcn,Masa,Afro-Asiatic
lelellk,Lele,,9.083333333333334,15.583333333333334,lela1246,llk,East Chadic,Afro-Asiatic
keraker,Kera,,9.833333333333334,15.083333333333334,kera1255,ker,East Chadic,Afro-Asiatic
terattr,Tera,,11.0,11.833333333333334,tera1251,ttr,Biu-Mandara,Afro-Asiatic
margimrt,Margi,,11.0,13.0,marg1265,mrt,Biu-Mandara,Afro-Asiatic
lamanghia,Lamang,,11.25,13.583333333333334,lama1288,hia,Biu-Mandara,Afro-Asiatic
malgwamfi,Malgwa,,11.5,13.75,wand1278,mfi,Biu-Mandara,Afro-Asiatic
uldemeudl,Uldeme,,10.95,14.116666666666667,wuzl1236,udl,Biu-Mandara,Afro-Asiatic
minahna,Mina,,10.333333333333334,13.833333333333334,mina1276,hna,Biu-Mandara,Afro-Asiatic
gudegde,Gude,,10.416666666666666,13.416666666666666,gude1246,gde,Biu-Mandara,Afro-Asiatic
musgumug,Musgu,,10.833333333333334,14.916666666666666,musg1254,mug,Biu-Mandara,Afro-Asiatic
mbarampk,Mbara,,11.0,15.416666666666666,mbar1260,mpk,Biu-Mandara,Afro-Asiatic
budumabdm,Buduma,,13.5,14.5,budu1265,bdm,Biu-Mandara,Afro-Asiatic
zinajia,Zina,,11.333333333333334,15.333333333333334,jina1244,jia,Biu-Mandara,Afro-Asiatic
hausahau,Hausa,,12.0,7.0,haus1257,hau,West Chadic,Afro-Asiatic
peropip,Pero,,9.583333333333334,11.0,pero1241,pip,West Chadic,Afro-Asiatic
goemaiank,Goemai,,8.666666666666666,9.75,goem1240,ank,West Chadic,Afro-Asiatic
ngizimngi,Ngizim,,12.083333333333334,10.916666666666666,ngiz1242,ngi,West Chadic,Afro-Asiatic
paapqa,Pa'a,,11.0,9.25,paaa1242,pqa,West Chadic,Afro-Asiatic
miyamkf,Miya,,10.916666666666666,9.666666666666666,miya1266,mkf,West Chadic,Afro-Asiatic
kemantahg,Kemant,,12.666666666666666,37.416666666666664,qima1242,ahg,Central Cushitic,Afro-Asiatic
sidaamasid,Sidaama,,6.666666666666667,38.5,sida1246,sid,Highland East Cushitic,Afro-Asiatic
qafaraar,Qafar,,12.0,42.0,afar1241,aar,Lowland East Cushitic,Afro-Asiatic
baysobsw,Bayso,,6.25,37.75,bais1246,bsw,Lowland East Cushitic,Afro-Asiatic
rendillerel,Rendille,,2.0,37.5,rend1243,rel,Lowland East Cushitic,Afro-Asiatic
somalisom,Somali,,3.0,45.0,soma1255,som,Lowland East Cushitic,Afro-Asiatic
oromohararhae,Oromo (Harar),,9.0,42.0,east2652,hae,Lowland East Cushitic,Afro-Asiatic
oromowaatassn,Oromo (Waata),,-3.3333333333333335,39.833333333333336,waat1238,ssn,Lowland East Cushitic,Afro-Asiatic
konsokxc,Konso,,5.416666666666667,37.53333333333333,kons1243,kxc,Lowland East Cushitic,Afro-Asiatic
yaakumuu,Yaaku,,0.5,37.0,yaak1241,muu,Yaaku,Afro-Asiatic
dahalodal,Dahalo,,-2.3333333333333335,40.5,daha1245,dal,Dahalo,Afro-Asiatic
iraqwirk,Iraqw,,-4.0,35.5,iraq1241,irk,Southern Cushitic,Afro-Asiatic
burungebds,Burunge,,-5.333333333333333,36.0,buru1320,bds,Southern Cushitic,Afro-Asiatic
chaldeanmoderncld,Chaldean (Modern),,36.0,43.0,chal1275,cld,Semitic,Afro-Asiatic
neoaramaicassyrianaii,Neo-Aramaic (Assyrian),,36.0,41.0,assy1241,aii,Semitic,Afro-Asiatic
mandaicmodernmid,Mandaic (Modern),,31.0,48.5,nucl1706,mid,Semitic,Afro-Asiatic
hebrewmodernheb,Hebrew (Modern),,31.5,34.833333333333336,hebr1245,heb,Semitic,Afro-Asiatic
maltesemlt,Maltese,,35.916666666666664,14.416666666666666,malt1254,mlt,Semitic,Afro-Asiatic
arabiceasternlibyanayl,Arabic (Eastern Libyan),,32.0,22.0,liby1240,ayl,Semitic,Afro-Asiatic
arabicegyptianarz,Arabic (Egyptian),,30.0,31.0,egyp1253,arz,Semitic,Afro-Asiatic
arabicgulfafb,Arabic (Gulf),,26.0,49.0,gulf1241,afb,Semitic,Afro-Asiatic
arabiciraqiacm,Arabic (Iraqi),,33.0,44.0,meso1252,acm,Semitic,Afro-Asiatic
arabicmoroccanary,Arabic (Moroccan),,34.0,-6.0,moro1292,ary,Semitic,Afro-Asiatic
arabicsyrianapc,Arabic (Syrian),,34.0,38.0,nort3139,apc,Semitic,Afro-Asiatic
tigretig,Tigré,,16.5,38.5,tigr1270,tig,Semitic,Afro-Asiatic
amharicamh,Amharic,,10.0,38.0,amha1245,amh,Semitic,Afro-Asiatic
hararihar,Harari,,9.25,42.166666666666664,hara1271,har,Semitic,Afro-Asiatic
chahasgw,Chaha,,8.083333333333334,37.916666666666664,seba1251,sgw,Semitic,Afro-Asiatic
basqueeus,Basque,,43.0,-3.0,basq1248,eus,Basque,Basque
sardiniansro,Sardinian,,40.0,9.0,camp1261,sro,Romance,Indo-European
frenchfra,French,,48.0,2.0,stan1290,fra,Romance,Indo-European
catalancat,Catalan,,41.75,2.0,stan1289,cat,Romance,Indo-European
spanishspa,Spanish,,40.0,-4.0,stan1288,spa,Romance,Indo-European
portuguesepor,Portuguese,,39.0,-8.0,port1283,por,Romance,Indo-European
romanianron,Romanian,,46.0,25.0,roma1327,ron,Romance,Indo-European
irishgle,Irish,,53.0,-8.0,iris1253,gle,Celtic,Indo-European
bretonbre,Breton,,48.0,-3.0,bret1244,bre,Celtic,Indo-European
welshcym,Welsh,,52.0,-3.0,wels1247,cym,Celtic,Indo-European
manxglv,Manx,,54.166666666666664,-4.5,manx1243,glv,Celtic,Indo-European
danishdan,Danish,,56.0,10.0,dani1285,dan,Germanic,Indo-European
swedishswe,Swedish,,60.0,15.0,swed1254,swe,Germanic,Indo-European
faroesefao,Faroese,,62.0,-7.0,faro1244,fao,Germanic,Indo-European
norwegiannor,Norwegian,,61.0,8.0,norw1258,nor,Germanic,Indo-European
germandeu,German,,52.0,10.0,stan1295,deu,Germanic,Indo-European
englisheng,English,,52.0,-1.0,stan1293,eng,Germanic,Indo-European
frisianfry,Frisian,,53.0,5.0,west2354,fry,Germanic,Indo-European
russianrus,Russian,,56.0,38.0,russ1263,rus,Slavic,Indo-European
ukrainianukr,Ukrainian,,49.0,33.0,ukra1253,ukr,Slavic,Indo-European
polishpol,Polish,,52.0,20.0,poli1260,pol,Slavic,Indo-European
czechces,Czech,,50.0,15.0,czec1258,ces,Slavic,Indo-European
bulgarianbul,Bulgarian,,42.5,25.0,bulg1262,bul,Slavic,Indo-European
serbiancroatiansrp,Serbian-Croatian,,44.0,19.0,serb1264,srp,Slavic,Indo-European
latvianlav,Latvian,,57.0,24.0,latv1249,lav,Baltic,Indo-European
albanianaln,Albanian,,41.0,20.0,gheg1238,aln,Albanian,Indo-European
greekmodernell,Greek (Modern),,39.0,22.0,mode1248,ell,Greek,Indo-European
armenianeasternhye,Armenian (Eastern),,40.0,45.0,nucl1235,hye,Armenian,Indo-European
osseticoss,Ossetic,,43.0,44.0,iron1242,oss,Iranian,Indo-European
pashtopst,Pashto,,33.0,67.0,cent1973,pst,Iranian,Indo-European
wakhiwbl,Wakhi,,36.5,72.0,wakh1245,wbl,Iranian,Indo-European
shughnisgh,Shughni,,38.166666666666664,72.16666666666667,shug1248,sgh,Iranian,Indo-European
ormurioru,Ormuri,,32.5,69.75,ormu1247,oru,Iranian,Indo-European
kurdishcentralckb,Kurdish (Central),,38.0,43.0,cent1972,ckb,Iranian,Indo-European
kurmanjikmr,Kurmanji,,37.0,43.0,nort2641,kmr,Iranian,Indo-European
zazakidiq,Zazaki,,39.0,41.0,diml1238,diq,Iranian,Indo-European
baluchibgn,Baluchi,,28.0,62.0,west2368,bgn,Iranian,Indo-European
persianpes,Persian,,32.0,54.0,west2369,pes,Iranian,Indo-European
tajiktgk,Tajik,,38.666666666666664,70.0,taji1245,tgk,Iranian,Indo-European
waigaliwbk,Waigali,,35.0,71.25,waig1243,wbk,Nuristani,Indo-European
dhivehidiv,Dhivehi,,4.166666666666667,73.5,dhiv1236,div,Indic,Indo-European
sinhalasin,Sinhala,,7.0,80.5,sinh1246,sin,Indic,Indo-European
marathimar,Marathi,,19.0,76.0,mara1378,mar,Indic,Indo-European
konkaniknn,Konkani,,19.25,73.91666666666667,konk1267,knn,Indic,Indo-European
domarimodernrmt,Domari (Modern),,32.0,35.0,doma1258,rmt,Indic,Indo-European
romaniwelshrmw,Romani (Welsh),,52.0,-4.0,wels1246,rmw,Indic,Indo-European
hindihin,Hindi,,25.0,77.0,hind1269,hin,Indic,Indo-European
urduurd,Urdu,,25.0,67.0,urdu1245,urd,Indic,Indo-European
lamanilmn,Lamani,,17.0,77.0,lamb1269,lmn,Indic,Indo-European
gojrigju,Gojri,,32.75,76.25,guja1253,gju,Indic,Indo-European
gujaratiguj,Gujarati,,23.0,72.0,guja1252,guj,Indic,Indo-European
kumaunikfy,Kumauni,,30.0,80.0,kuma1273,kfy,Indic,Indo-European
nepalinpi,Nepali,,28.0,85.0,nepa1254,npi,Indic,Indo-European
kalamigwc,Kalami,,35.5,72.5,kala1373,gwc,Indic,Indo-European
torwalitrw,Torwali,,34.25,72.0,torw1241,trw,Indic,Indo-European
panjabipan,Panjabi,,31.0,74.0,panj1256,pan,Indic,Indo-European
brokskatbkk,Brokskat,,35.333333333333336,76.5,brok1247,bkk,Indic,Indo-European
palulaphl,Palula,,35.5,71.88333333333334,phal1254,phl,Indic,Indo-European
kashmirikas,Kashmiri,,34.0,76.0,kash1277,kas,Indic,Indo-European
damelidml,Dameli,,35.416666666666664,72.66666666666667,dame1241,dml,Indic,Indo-European
daraidry,Darai,,24.0,84.0,dara1250,dry,Indic,Indo-European
bhojpuribho,Bhojpuri,,26.0,84.0,bhoj1244,bho,Indic,Indo-European
oriyaory,Oriya,,21.0,85.0,oriy1255,ory,Indic,Indo-European
bengaliben,Bengali,,24.0,90.0,beng1280,ben,Indic,Indo-European
rajbanshirjs,Rajbanshi,,26.383333333333333,88.45,rajb1243,rjs,Indic,Indo-European
halbihlb,Halbi,,21.0,81.0,halb1244,hlb,Indic,Indo-European
nenetstundrayrk,Nenets (Tundra),,68.0,53.0,nene1249,yrk,Samoyedic,Uralic
selkupsel,Selkup,,65.0,82.0,selk1253,sel,Samoyedic,Uralic
hungarianhun,Hungarian,,47.0,20.0,hung1274,hun,Ugric,Uralic
khantykca,Khanty,,65.0,65.0,khan1273,kca,Ugric,Uralic
mansimns,Mansi,,62.0,62.0,mans1258,mns,Ugric,Uralic
udmurtudm,Udmurt,,57.5,52.5,udmu1245,udm,Permic,Uralic
finnishfin,Finnish,,62.0,25.0,finn1318,fin,Finnic,Uralic
estonianekk,Estonian,,59.0,26.0,esto1258,ekk,Finnic,Uralic
yukaghirkolymayux,Yukaghir (Kolyma),,65.75,150.83333333333334,sout2750,yux,Yukaghir,Yukaghir
dagurdta,Dagur,,48.0,124.0,daur1238,dta,Mongolic,Altaic
mangghuermjg,Mangghuer,,36.0,102.0,tuuu1240,mjg,Mongolic,Altaic
baoanpeh,Bao'an,,35.583333333333336,102.0,bona1250,peh,Mongolic,Altaic
santasce,Santa,,31.5,107.5,dong1285,sce,Mongolic,Altaic
kalmykxal,Kalmyk,,44.0,83.0,kalm1243,xal,Mongolic,Altaic
eveneve,Even,,68.0,130.0,even1260,eve,Tungusic,Altaic
evenkievn,Evenki,,56.0,125.0,even1259,evn,Tungusic,Altaic
manchumnc,Manchu,,49.5,127.5,manc1252,mnc,Tungusic,Altaic
udiheude,Udihe,,47.666666666666664,136.25,udih1248,ude,Tungusic,Altaic
chuvashchv,Chuvash,,55.5,47.5,chuv1255,chv,Turkic,Altaic
khalajklj,Khalaj,,35.0,50.0,turk1303,klj,Turkic,Altaic
turkishtur,Turkish,,39.0,35.0,nucl1301,tur,Turkic,Altaic
turkmentuk,Turkmen,,40.0,58.0,turk1304,tuk,Turkic,Altaic
azerbaijaniazj,Azerbaijani,,40.5,48.5,nort2697,azj,Turkic,Altaic
sarygyugurybe,Saryg Yugur,,40.0,80.0,west2402,ybe,Turkic,Altaic
uzbekuzn,Uzbek,,39.0,66.0,nort2690,uzn,Turkic,Altaic
bashkirbak,Bashkir,,53.0,58.0,bash1264,bak,Turkic,Altaic
tatartat,Tatar,,56.0,49.5,tata1255,tat,Turkic,Altaic
koreankor,Korean,,37.5,128.0,kore1280,kor,Korean,Korean
ainuain,Ainu,,43.0,143.0,ainu1240,ain,Ainu,Ainu
japanesejpn,Japanese,,37.0,140.0,nucl1643,jpn,Japanese,Japonic
chukchickt,Chukchi,,67.0,-173.0,chuk1273,ckt,Northern Chukotko-Kamchatkan,Chukotko-Kamchatkan
nivkhniv,Nivkh,,53.333333333333336,142.0,gily1242,niv,Nivkh,Nivkh
ketket,Ket,,64.0,87.0,kett1243,ket,Yeniseian,Yeniseian
georgiankat,Georgian,,42.0,44.0,nucl1302,kat,Kartvelian,Kartvelian
ubykhuby,Ubykh,,43.666666666666664,39.666666666666664,ubyk1235,uby,Northwest Caucasian,Northwest Caucasian
abkhazabk,Abkhaz,,43.083333333333336,41.0,abkh1244,abk,Northwest Caucasian,Northwest Caucasian
tsovatushbbl,Tsova-Tush,,42.5,45.5,bats1242,bbl,Nakh,Nakh-Daghestanian
chechenche,Chechen,,43.25,45.833333333333336,chec1245,che,Nakh,Nakh-Daghestanian
ingushinh,Ingush,,43.166666666666664,45.083333333333336,ingu1240,inh,Nakh,Nakh-Daghestanian
godoberigdo,Godoberi,,42.666666666666664,46.083333333333336,ghod1238,gdo,Avar-Andic-Tsezic,Nakh-Daghestanian
khwarshikhv,Khwarshi,,42.25,46.0,khva1239,khv,Avar-Andic-Tsezic,Nakh-Daghestanian
tsezddo,Tsez,,42.25,45.75,dido1241,ddo,Avar-Andic-Tsezic,Nakh-Daghestanian
hinuqgin,Hinuq,,42.416666666666664,45.75,hinu1240,gin,Avar-Andic-Tsezic,Nakh-Daghestanian
hunzibhuz,Hunzib,,42.166666666666664,46.25,hunz1247,huz,Avar-Andic-Tsezic,Nakh-Daghestanian
archiaqc,Archi,,42.0,46.833333333333336,arch1244,aqc,Lezgic,Nakh-Daghestanian
khinalugkjj,Khinalug,,41.166666666666664,48.083333333333336,khin1240,kjj,Lezgic,Nakh-Daghestanian
lezgianlez,Lezgian,,41.666666666666664,47.833333333333336,lezg1247,lez,Lezgic,Nakh-Daghestanian
rutulrut,Rutul,,41.5,47.416666666666664,rutu1240,rut,Lezgic,Nakh-Daghestanian
tsakhurtkr,Tsakhur,,41.666666666666664,47.166666666666664,tsak1249,tkr,Lezgic,Nakh-Daghestanian
burushaskibsk,Burushaski,,36.5,74.5,buru1296,bsk,Burushaski,Burushaski
brahuibrh,Brahui,,28.5,67.0,brah1256,brh,Northern Dravidian,Dravidian
kurukhkru,Kurukh,,22.833333333333332,85.5,kuru1302,kru,Northern Dravidian,Dravidian
maltomjt,Malto,,25.0,87.33333333333333,saur1249,mjt,Northern Dravidian,Dravidian
kolamikfb,Kolami,,20.0,78.5,nort2699,kfb,Central Dravidian,Dravidian
gondigno,Gondi,,19.0,81.0,nort2702,gno,South-Central Dravidian,Dravidian
kuvikxv,Kuvi,,18.75,82.66666666666667,kuvi1243,kxv,South-Central Dravidian,Dravidian
kannadakan,Kannada,,14.0,76.0,nucl1305,kan,Southern Dravidian,Dravidian
tamiltam,Tamil,,11.0,78.5,tami1289,tam,Southern Dravidian,Dravidian
malayalammal,Malayalam,,10.0,76.5,mala1464,mal,Southern Dravidian,Dravidian
korkukfq,Korku,,22.5,78.5,kork1243,kfq,Munda,Austro-Asiatic
santalisat,Santali,,24.5,87.0,sant1410,sat,Munda,Austro-Asiatic
mundariunr,Mundari,,23.0,84.66666666666667,mund1320,unr,Munda,Austro-Asiatic
khariakhr,Kharia,,22.5,84.33333333333333,khar1287,khr,Munda,Austro-Asiatic
juangjun,Juang,,21.333333333333332,86.0,juan1238,jun,Munda,Austro-Asiatic
gorumpcj,Gorum,,19.0,82.75,pare1266,pcj,Munda,Austro-Asiatic
remobfw,Remo,,18.0,82.0,bond1245,bfw,Munda,Austro-Asiatic
khasikha,Khasi,,25.5,92.0,khas1269,kha,Khasian,Austro-Asiatic
pnarpbv,Pnar,,24.833333333333332,92.25,pnar1238,pbv,Khasian,Austro-Asiatic
palaungpll,Palaung,,22.666666666666668,96.66666666666667,shwe1236,pll,Palaungic,Austro-Asiatic
lawaeasternlwl,Lawa (Eastern),,18.95,98.76666666666667,east2330,lwl,Palaungic,Austro-Asiatic
paraukprk,Parauk,,23.25,99.5,para1301,prk,Palaungic,Austro-Asiatic
plangblr,Plang,,21.666666666666668,100.33333333333333,blan1242,blr,Palaungic,Austro-Asiatic
mlabriminormra,Mlabri (Minor),,18.5,101.0,mlab1235,mra,Khmuic,Austro-Asiatic
khmukjg,Khmu',,21.0,102.0,khmu1256,kjg,Khmuic,Austro-Asiatic
vietnamesevie,Vietnamese,,12.0,108.0,viet1252,vie,Vietic,Austro-Asiatic
thavungthm,Thavung,,17.75,104.25,aheu1239,thm,Vietic,Austro-Asiatic
pacohpac,Pacoh,,16.333333333333332,107.25,paco1243,pac,Katuic,Austro-Asiatic
katuktv,Katu,,15.833333333333334,107.58333333333333,east1236,ktv,Katuic,Austro-Asiatic
stiengsti,Stieng,,11.833333333333334,106.75,bulo1242,sti,Bahnaric,Austro-Asiatic
mnongcentralcmo,Mnong (Central),,12.666666666666666,107.0,cent1992,cmo,Bahnaric,Austro-Asiatic
chraucrw,Chrau,,10.75,107.5,chra1242,crw,Bahnaric,Austro-Asiatic
srekpm,Sre,,11.5,108.0,koho1244,kpm,Bahnaric,Austro-Asiatic
lovenlbo,Loven,,15.0,106.33333333333333,lave1248,lbo,Bahnaric,Austro-Asiatic
braobrb,Brao,,14.166666666666666,107.5,lave1249,brb,Bahnaric,Austro-Asiatic
bahnarbdq,Bahnar,,13.833333333333334,108.33333333333333,bahn1262,bdq,Bahnaric,Austro-Asiatic
rengaoren,Rengao,,14.583333333333334,107.83333333333333,reng1252,ren,Bahnaric,Austro-Asiatic
sedangsed,Sedang,,14.833333333333334,108.0,seda1262,sed,Bahnaric,Austro-Asiatic
khmerkhm,Khmer,,12.5,105.0,cent1989,khm,Khmer,Austro-Asiatic
kasong,Kasong,,12.75,102.11666666666666,suoy1242,,Pearic,Austro-Asiatic
chongcog,Chong,,12.5,102.5,chon1284,cog,Pearic,Austro-Asiatic
monmnw,Mon,,14.833333333333334,100.5,monn1252,mnw,Monic,Austro-Asiatic
jahaijhi,Jahai,,5.666666666666667,101.5,jeha1242,jhi,Aslian,Austro-Asiatic
temiartea,Temiar,,5.0,101.5,temi1246,tea,Aslian,Austro-Asiatic
semelaisza,Semelai,,3.0,103.0,seme1247,sza,Aslian,Austro-Asiatic
nicobaresecarcaq,Nicobarese (Car),,9.0,93.0,carn1240,caq,Nicobarese,Austro-Asiatic
mandarincmn,Mandarin,,34.0,110.0,mand1415,cmn,Chinese,Sino-Tibetan
wuwuu,Wu,,31.2,121.5,wuch1236,wuu,Chinese,Sino-Tibetan
cantoneseyue,Cantonese,,23.0,113.0,yuec1235,yue,Chinese,Sino-Tibetan
karenpwokjp,Karen (Pwo),,13.0,99.16666666666667,pwoe1235,kjp,Karen,Sino-Tibetan
kayahlieasterneky,Kayah Li (Eastern),,19.0,97.5,east2342,eky,Karen,Sino-Tibetan
karenbwebwe,Karen (Bwe),,19.5,97.0,bwek1238,bwe,Karen,Sino-Tibetan
karensgawksw,Karen (Sgaw),,18.0,97.0,sgaw1245,ksw,Karen,Sino-Tibetan
tujianortherntji,Tujia (Northern),,29.333333333333332,109.75,nort2732,tji,Tujia,Sino-Tibetan
dhimaldhi,Dhimal,,26.666666666666668,87.75,dhim1246,dhi,Dhimalish,Sino-Tibetan
tamangeasterntaj,Tamang (Eastern),,27.5,85.66666666666667,east2347,taj,Bodic,Sino-Tibetan
narphunpa,Nar-Phu,,28.666666666666668,84.25,narp1239,npa,Bodic,Sino-Tibetan
gurunggvr,Gurung,,28.333333333333332,84.33333333333333,guru1261,gvr,Bodic,Sino-Tibetan
thakaliths,Thakali,,29.0,83.75,thak1245,ths,Bodic,Sino-Tibetan
chantyalchx,Chantyal,,28.583333333333332,83.41666666666667,chan1310,chx,Bodic,Sino-Tibetan
tshanglatsj,Tshangla,,27.833333333333332,92.16666666666667,tsha1245,tsj,Bodic,Sino-Tibetan
tibetanmodernliterarybod,Tibetan (Modern Literary),,29.833333333333332,91.5,tibe1272,bod,Bodic,Sino-Tibetan
tibetanstandardspokenbod,Tibetan (Standard Spoken),,30.0,91.0,tibe1272,bod,Bodic,Sino-Tibetan
tibetandrokpabod,Tibetan (Drokpa),,32.25,81.25,tibe1272,bod,Bodic,Sino-Tibetan
kyirongkgy,Kyirong,,28.416666666666668,85.33333333333333,kyer1238,kgy,Bodic,Sino-Tibetan
lhomilhm,Lhomi,,27.666666666666668,87.41666666666667,lhom1239,lhm,Bodic,Sino-Tibetan
kurtopxkz,Kurtöp,,27.666666666666668,91.16666666666667,kurt1248,xkz,Bodic,Sino-Tibetan
khamnangchenkhg,Kham (Nangchen),,32.5,96.5,nort2707,khg,Bodic,Sino-Tibetan
tibetandongwangkhg,Tibetan (Dongwang),,28.5,99.66666666666667,kham1282,khg,Bodic,Sino-Tibetan
khamdegekhg,Kham (Dege),,31.833333333333332,98.58333333333333,derg1234,khg,Bodic,Sino-Tibetan
ladakhilbj,Ladakhi,,34.0,78.0,lada1244,lbj,Bodic,Sino-Tibetan
purkiprx,Purki,,34.666666666666664,76.0,puri1258,prx,Bodic,Sino-Tibetan
sikkimesesip,Sikkimese,,27.833333333333332,88.5,sikk1242,sip,Bodic,Sino-Tibetan
bunanbfu,Bunan,,32.5,77.0,gahr1239,bfu,Bodic,Sino-Tibetan
kinnaurikfk,Kinnauri,,31.5,78.0,kinn1249,kfk,Bodic,Sino-Tibetan
darmadrd,Darma,,29.833333333333332,80.5,darm1243,drd,Bodic,Sino-Tibetan
byansibee,Byansi,,30.166666666666668,80.5,byan1241,bee,Bodic,Sino-Tibetan
newarikathmandunew,Newari (Kathmandu),,27.666666666666668,85.5,newa1246,new,Mahakiranti,Sino-Tibetan
thangmithf,Thangmi,,27.75,86.0,than1259,thf,Mahakiranti,Sino-Tibetan
magarmrd,Magar,,28.25,83.5,west2418,mrd,Mahakiranti,Sino-Tibetan
khamkjl,Kham,,28.5,82.75,west2420,kjl,Mahakiranti,Sino-Tibetan
hayuvay,Hayu,,27.25,86.0,wayu1241,vay,Mahakiranti,Sino-Tibetan
chepangcdm,Chepang,,27.666666666666668,84.75,chep1245,cdm,Mahakiranti,Sino-Tibetan
thulungtdh,Thulung,,27.416666666666668,86.5,thul1246,tdh,Mahakiranti,Sino-Tibetan
wambulewme,Wambule,,29.25,85.91666666666667,wamb1257,wme,Mahakiranti,Sino-Tibetan
camlingrab,Camling,,27.0,86.66666666666667,caml1239,rab,Mahakiranti,Sino-Tibetan
athpareaph,Athpare,,27.0,87.33333333333333,athp1241,aph,Mahakiranti,Sino-Tibetan
belharebyw,Belhare,,26.966666666666665,87.3,belh1239,byw,Mahakiranti,Sino-Tibetan
limbulif,Limbu,,27.166666666666668,87.75,limb1266,lif,Mahakiranti,Sino-Tibetan
qiangcng,Qiang,,32.0,102.66666666666667,nort2722,cng,Qiangic,Sino-Tibetan
pumipmi,Pumi,,28.0,101.0,nort2723,pmi,Qiangic,Sino-Tibetan
naxinxq,Naxi,,27.5,100.0,naxi1245,nxq,Naxi,Sino-Tibetan
gyarongcogtsejya,Gyarong (Cogtse),,31.5,102.0,jiar1240,jya,rGyalrong,Sino-Tibetan
rgyalrongcaodengjya,rGyalrong (Caodeng),,31.666666666666668,101.75,jiar1240,jya,rGyalrong,Sino-Tibetan
deurider,Deuri,,26.0,90.25,deor1238,der,Bodo-Garo,Sino-Tibetan
bodobrx,Bodo,,26.833333333333332,92.0,bodo1269,brx,Bodo-Garo,Sino-Tibetan
kacharixac,Kachari,,26.5,91.0,kach1279,xac,Bodo-Garo,Sino-Tibetan
dimasadis,Dimasa,,25.5,93.0,dima1251,dis,Bodo-Garo,Sino-Tibetan
kokboroktrp,Kokborok,,24.333333333333332,92.5,kokb1239,trp,Bodo-Garo,Sino-Tibetan
garogrt,Garo,,25.666666666666668,90.5,garo1247,grt,Bodo-Garo,Sino-Tibetan
atongaot,Atong,,25.416666666666668,90.75,aton1241,aot,Bodo-Garo,Sino-Tibetan
nagaleinonglzn,Naga (Leinong),,26.416666666666668,95.58333333333333,lein1237,lzn,Northern Naga,Sino-Tibetan
tutsatvt,Tutsa,,27.5,96.5,tuts1235,tvt,Northern Naga,Sino-Tibetan
meitheimni,Meithei,,24.75,94.0,mani1292,mni,Kuki-Chin,Sino-Tibetan
mikirmjw,Mikir,,26.333333333333332,93.5,karb1241,mjw,Kuki-Chin,Sino-Tibetan
lothanjh,Lotha,,26.5,94.25,loth1237,njh,Kuki-Chin,Sino-Tibetan
aonjo,Ao,,26.583333333333332,94.66666666666667,aona1235,njo,Kuki-Chin,Sino-Tibetan
nagamaonbi,Naga (Mao),,25.5,94.33333333333333,maon1238,nbi,Kuki-Chin,Sino-Tibetan
semansm,Sema,,26.0,94.5,sumi1235,nsm,Kuki-Chin,Sino-Tibetan
angaminjm,Angami,,25.666666666666668,94.5,anga1288,njm,Kuki-Chin,Sino-Tibetan
nagatangkhulnmf,Naga (Tangkhul),,25.0,94.5,tang1336,nmf,Kuki-Chin,Sino-Tibetan
koirengnkd,Koireng,,25.3,94.21666666666667,koir1240,nkd,Kuki-Chin,Sino-Tibetan
nagazemenzm,Naga (Zeme),,25.166666666666668,93.5,zeme1240,nzm,Kuki-Chin,Sino-Tibetan
chintiddimctd,Chin (Tiddim),,23.333333333333332,93.66666666666667,tedi1235,ctd,Kuki-Chin,Sino-Tibetan
mizolus,Mizo,,23.166666666666668,92.83333333333333,lush1249,lus,Kuki-Chin,Sino-Tibetan
bawmbgr,Bawm,,22.5,92.25,bawm1236,bgr,Kuki-Chin,Sino-Tibetan
chinmaramrh,Chin (Mara),,23.0,93.16666666666667,mara1382,mrh,Kuki-Chin,Sino-Tibetan
hkongsoanl,Hkongso,,21.5,93.0,anuu1241,anl,Mru,Sino-Tibetan
jingphokac,Jingpho,,25.416666666666668,97.0,kach1280,kac,Jingpho,Sino-Tibetan
achangacn,Achang,,25.0,98.5,acha1249,acn,Burmese-Lolo,Sino-Tibetan
marumhx,Maru,,23.5,98.5,maru1249,mhx,Burmese-Lolo,Sino-Tibetan
burmesemya,Burmese,,21.0,96.0,nucl1310,mya,Burmese-Lolo,Sino-Tibetan
lisulis,Lisu,,26.0,98.0,lisu1250,lis,Burmese-Lolo,Sino-Tibetan
loloyaoanycl,Lolo (Yao’An),,25.5,101.3,lolo1259,ycl,Burmese-Lolo,Sino-Tibetan
nuosuiii,Nuosu,,24.0,104.0,sich1238,iii,Burmese-Lolo,Sino-Tibetan
laloyik,Lalo,,25.0,100.25,dong1286,yik,Burmese-Lolo,Sino-Tibetan
bisubzi,Bisu,,19.75,100.0,bisu1244,bzi,Burmese-Lolo,Sino-Tibetan
akhaahk,Akha,,21.833333333333332,99.83333333333333,akha1245,ahk,Burmese-Lolo,Sino-Tibetan
hanihni,Hani,,23.0,103.0,hani1248,hni,Burmese-Lolo,Sino-Tibetan
baibca,Bai,,26.0,100.0,cent2004,bca,Bai,Sino-Tibetan
dulongduu,Dulong,,28.0,98.33333333333333,drun1238,duu,Nungish,Sino-Tibetan
rawangraw,Rawang,,27.5,97.5,rawa1265,raw,Nungish,Sino-Tibetan
anongnun,Anong,,27.333333333333332,98.75,nung1282,nun,Nungish,Sino-Tibetan
galoadl,Galo,,28.166666666666668,94.66666666666667,galo1242,adl,Tani,Sino-Tibetan
misingmrg,Mising,,28.5,94.83333333333333,miny1240,mrg,Tani,Sino-Tibetan
mirihillmrg,Miri (Hill),,27.916666666666668,93.83333333333333,miri1271,mrg,Tani,Sino-Tibetan
tagindap,Tagin,,28.0,94.25,nisi1239,dap,Tani,Sino-Tibetan
nishinjz,Nishi,,27.5,93.5,nyis1236,njz,Tani,Sino-Tibetan
apataniapt,Apatani,,27.5,93.75,apat1240,apt,Tani,Sino-Tibetan
iduclk,Idu,,29.333333333333332,95.83333333333333,idum1241,clk,Digaroan,Sino-Tibetan
digaromhu,Digaro,,28.416666666666668,96.0,diga1241,mhu,Digaroan,Sino-Tibetan
lepchalep,Lepcha,,27.166666666666668,88.5,lepc1244,lep,Lepcha,Sino-Tibetan
hmongnjuahnj,Hmong Njua,,28.0,105.0,hmon1264,hnj,Miao-Yao,Miao-Yao
xongmmr,Xong,,28.333333333333332,109.66666666666667,west2430,mmr,Miao-Yao,Miao-Yao
iumienium,Iu Mien,,24.0,111.0,iumi1238,ium,Miao-Yao,Miao-Yao
bunuyounoubuh,Bunu (Younou),,24.0,107.0,youn1235,buh,Miao-Yao,Miao-Yao
hlaibaodinglic,Hlai (Baoding),,19.0,109.5,hlai1239,lic,Hlai,Tai-Kadai
gelaogiq,Gelao,,22.916666666666668,105.5,gree1278,giq,Kadai,Tai-Kadai
dongsouthernkmc,Dong (Southern),,27.0,109.0,sout2741,kmc,Kam-Tai,Tai-Kadai
sanjiangkamcov,Sanjiang Kam,,26.25,109.58333333333333,caom1238,cov,Kam-Tai,Tai-Kadai
maonanmmd,Maonan,,25.0,108.0,maon1241,mmd,Kam-Tai,Tai-Kadai
yaypcc,Yay,,22.416666666666668,104.75,bouy1240,pcc,Kam-Tai,Tai-Kadai
nunginvietnamnut,Nung (in Vietnam),,21.916666666666668,106.41666666666667,nung1283,nut,Kam-Tai,Tai-Kadai
laolao,Lao,,18.0,103.0,laoo1244,lao,Kam-Tai,Tai-Kadai
thaitha,Thai,,16.0,101.0,thai1261,tha,Kam-Tai,Tai-Kadai
yongyno,Yong,,18.333333333333332,99.0,yong1277,yno,Kam-Tai,Tai-Kadai
greatandamaneseakj,Great Andamanese,,12.0,92.66666666666667,akaj1239,akj,Great Andamanese,Great Andamanese
jarawainandamansanq,Jarawa (in Andamans),,12.0,92.58333333333333,jara1245,anq,South Andamanese,South Andamanese
shompen,Shompen,,7.0,93.75,shom1245,,Shompen,Shompen
seediqtrv,Seediq,,24.166666666666668,121.41666666666667,taro1264,trv,Atayalic,Austronesian
rukaitanandru,Rukai (Tanan),,22.833333333333332,120.83333333333333,ruka1240,dru,Rukai,Austronesian
tsoutsu,Tsou,,23.5,120.75,tsou1248,tsu,Tsou,Austronesian
paiwanpwn,Paiwan,,22.5,120.83333333333333,paiw1248,pwn,Paiwan,Austronesian
amisami,Amis,,23.333333333333332,121.33333333333333,amis1246,ami,East Formosan,Austronesian
chamorrocha,Chamorro,,13.45,144.75,cham1312,cha,Chamorro,Austronesian
palauanpau,Palauan,,7.5,134.58333333333334,pala1344,pau,Palauan,Austronesian
ilocanoilo,Ilocano,,16.0,121.0,ilok1237,ilo,Northern Luzon,Austronesian
mamanwammn,Mamanwa,,9.416666666666666,125.5,mama1275,mmn,Greater Central Philippine,Austronesian
tbolitbl,Tboli,,6.166666666666667,124.5,tbol1240,tbl,Bilic,Austronesian
toratanrth,Toratán,,1.0833333333333333,124.83333333333333,rata1244,rth,Sangiric,Austronesian
tondanotdn,Tondano,,1.25,125.0,tond1251,tdn,Minahasan,Austronesian
munamnb,Muna,,-5.0,122.5,muna1247,mnb,Celebic,Austronesian
woliowlo,Wolio,,-5.5,122.75,woli1241,wlo,Celebic,Austronesian
tukangbesikhc,Tukang Besi,,-5.5,123.5,tuka1248,khc,Celebic,Austronesian
pendauums,Pendau,,0.25,119.91666666666667,pend1242,ums,Celebic,Austronesian
padoepdo,Padoe,,2.3333333333333335,121.33333333333333,pado1242,pdo,Celebic,Austronesian
selayarsly,Selayar,,-6.0,120.5,sela1260,sly,South Sulawesi,Austronesian
begakidaandbj,Begak-Ida'an,,5.25,118.83333333333333,idaa1241,dbj,North Borneo,Austronesian
timugontih,Timugon,,5.0,116.0,timu1262,tih,North Borneo,Austronesian
kimaragangkqr,Kimaragang,,6.5,116.83333333333333,kima1244,kqr,North Borneo,Austronesian
tatanatxx,Tatana',,5.5,115.5,tata1257,txx,North Borneo,Austronesian
belaitbeg,Belait,,4.416666666666667,114.41666666666667,bela1260,beg,North Borneo,Austronesian
maanyanmhy,Ma'anyan,,-2.0,115.0,maan1238,mhy,Barito,Austronesian
bajauwestcoastbdr,Bajau (West Coast),,6.333333333333333,116.33333333333333,west2560,bdr,Sama-Bajaw,Austronesian
yakanyka,Yakan,,6.5,122.0,yaka1277,yka,Sama-Bajaw,Austronesian
lampungljp,Lampung,,-5.0,105.0,lamp1243,ljp,Lampungic,Austronesian
niasnia,Nias,,1.0,97.75,nias1242,nia,Northwest Sumatra-Barrier Islands,Austronesian
alasbtz,Alas,,3.6666666666666665,97.83333333333333,bata1292,btz,Northwest Sumatra-Barrier Islands,Austronesian
batakkarobtx,Batak (Karo),,3.25,98.25,bata1293,btx,Northwest Sumatra-Barrier Islands,Austronesian
gayogay,Gayo,,4.5,97.5,gayo1244,gay,Northwest Sumatra-Barrier Islands,Austronesian
moklenmkm,Moklen,,8.666666666666666,98.25,mokl1243,mkm,Moklen-Moken,Austronesian
mokenmwt,Moken,,12.0,98.0,moke1242,mwt,Moklen-Moken,Austronesian
sundanesesun,Sundanese,,-7.0,107.0,sund1252,sun,Malayo-Sumbawan,Austronesian
ibaniba,Iban,,2.0,113.0,iban1264,iba,Malayo-Sumbawan,Austronesian
minangkabaumin,Minangkabau,,-1.0,101.0,mina1268,min,Malayo-Sumbawan,Austronesian
indonesianind,Indonesian,,-0.0,106.0,indo1316,ind,Malayo-Sumbawan,Austronesian
manadonesexmm,Manadonese,,1.5,124.83333333333333,mala1481,xmm,Malayo-Sumbawan,Austronesian
acehneseace,Acehnese,,5.5,95.5,achi1257,ace,Malayo-Sumbawan,Austronesian
chameasterncjm,Cham (Eastern),,11.333333333333334,108.5,east2563,cjm,Malayo-Sumbawan,Austronesian
chamwesterncja,Cham (Western),,12.0,105.5,west2650,cja,Malayo-Sumbawan,Austronesian
buruagh,Buru,,-3.5,126.5,ngel1238,agh,Central Malayo-Polynesian,Austronesian
batuleybay,Batuley,,-5.75,134.78333333333333,batu1258,bay,Central Malayo-Polynesian,Austronesian
nuaulunxl,Nuaulu,,-3.25,129.16666666666666,sout2895,nxl,Central Malayo-Polynesian,Austronesian
paulohiplh,Paulohi,,-3.25,128.75,paul1238,plh,Central Malayo-Polynesian,Austronesian
selaruslu,Selaru,,-8.25,131.0,sela1259,slu,Central Malayo-Polynesian,Austronesian
lamaholotslp,Lamaholot,,-8.25,122.91666666666667,lama1277,slp,Central Malayo-Polynesian,Austronesian
tetuntet,Tetun,,-9.0,126.0,tetu1245,tet,Central Malayo-Polynesian,Austronesian
tetundilitet,Tetun Dili,,-8.583333333333334,125.58333333333333,tetu1246,tet,Central Malayo-Polynesian,Austronesian
tuguntzn,Tugun,,-7.716666666666667,126.75,tugu1245,tzn,Central Malayo-Polynesian,Austronesian
letilti,Leti,,-8.2,127.66666666666667,leti1246,lti,Central Malayo-Polynesian,Austronesian
manggaraimqy,Manggarai,,-8.5,120.33333333333333,mang1405,mqy,Central Malayo-Polynesian,Austronesian
keoxxk,Keo,,-8.833333333333334,121.25,keoo1238,xxk,Central Malayo-Polynesian,Austronesian
irarutuirh,Irarutu,,-3.0,133.5,irar1238,irh,South Halmahera - West New Guinea,Austronesian
tabamky,Taba,,0.0,127.5,east2440,mky,South Halmahera - West New Guinea,Austronesian
mormhz,Mor,,-2.95,135.75,morm1235,mhz,South Halmahera - West New Guinea,Austronesian
biakbhw,Biak,,-1.0,136.0,biak1248,bhw,South Halmahera - West New Guinea,Austronesian
ambaiamk,Ambai,,-1.8333333333333335,136.5,amba1265,amk,South Halmahera - West New Guinea,Austronesian
waremboriwsa,Warembori,,-1.6666666666666665,137.58333333333334,ware1253,wsa,South Halmahera - West New Guinea,Austronesian
yapeseyap,Yapese,,9.583333333333334,138.16666666666666,yape1248,yap,Yapese,Austronesian
maisinmbq,Maisin,,-9.5,149.16666666666666,mais1250,mbq,Oceanic,Austronesian
sobeisob,Sobei,,-1.9166666666666665,138.75,sobe1238,sob,Oceanic,Austronesian
tobatitti,Tobati,,-2.5833333333333335,140.66666666666666,toba1266,tti,Oceanic,Austronesian
aropsissanoaps,Arop-Sissano,,-3.0833333333333335,142.08333333333334,arop1242,aps,Oceanic,Austronesian
kairirukxa,Kairiru,,-3.3333333333333335,143.58333333333334,kair1263,kxa,Oceanic,Austronesian
takiatbc,Takia,,-4.666666666666667,146.0,taki1248,tbc,Oceanic,Austronesian
sioxsi,Sio,,-5.95,147.33333333333334,sioo1240,xsi,Oceanic,Austronesian
aroplokepapr,Arop-Lokep,,-5.383333333333334,147.05,arop1243,apr,Oceanic,Austronesian
awadbingbcu,Awad Bing,,-5.6,146.35,awad1244,bcu,Oceanic,Austronesian
maleumgl,Maleu,,-5.716666666666667,148.41666666666666,male1289,mgl,Oceanic,Austronesian
bariaibch,Bariai,,-5.5,148.66666666666666,bari1286,bch,Oceanic,Austronesian
lusikhl,Lusi,,-5.583333333333333,149.66666666666666,lusi1240,khl,Oceanic,Austronesian
kovekvc,Kove,,-5.583333333333333,149.63333333333333,kove1237,kvc,Oceanic,Austronesian
jabemjae,Jabêm,,-6.666666666666667,147.83333333333334,yabe1254,jae,Oceanic,Austronesian
bukawabuk,Bukawa,,-6.833333333333333,147.25,buga1250,buk,Oceanic,Austronesian
labulbu,Labu,,-6.75,146.91666666666666,labu1248,lbu,Oceanic,Austronesian
adzeraazr,Adzera,,-6.0,145.91666666666666,adze1241,azr,Oceanic,Austronesian
wamparlbq,Wampar,,-6.75,146.58333333333334,wamp1247,lbq,Oceanic,Austronesian
buangmaposbzh,Buang (Mapos),,-6.833333333333333,146.91666666666666,mapo1242,bzh,Oceanic,Austronesian
sudesttgo,Sudest,,-11.5,153.45,sude1239,tgo,Oceanic,Austronesian
dawawadww,Dawawa,,-10.083333333333334,150.0,dawa1242,dww,Oceanic,Austronesian
tawalatbo,Tawala,,-10.333333333333334,150.66666666666666,tawa1275,tbo,Oceanic,Austronesian
gumawanagvs,Gumawana,,-9.25,150.83333333333334,guma1254,gvs,Oceanic,Austronesian
koluwawaklx,Koluwawa,,-9.45,150.45,kolu1245,klx,Oceanic,Austronesian
idunaviv,Iduna,,-9.333333333333334,150.25,idun1242,viv,Oceanic,Austronesian
kilivilakij,Kilivila,,-8.5,151.08333333333334,kili1267,kij,Oceanic,Austronesian
mekeomek,Mekeo,,-8.333333333333334,146.5,meke1243,mek,Oceanic,Austronesian
rororro,Roro,,-8.75,146.58333333333334,waim1251,rro,Oceanic,Austronesian
alaalanrz,Ala'ala,,-8.916666666666666,146.75,lala1268,nrz,Oceanic,Austronesian
sinaugorosnc,Sinaugoro,,-9.833333333333334,147.83333333333334,sina1266,snc,Oceanic,Austronesian
balivitubbn,Bali-Vitu,,-4.9,149.11666666666667,unea1237,bbn,Oceanic,Austronesian
amaraaie,Amara,,-5.666666666666667,148.66666666666666,amar1272,aie,Oceanic,Austronesian
kaulongpss,Kaulong,,-6.166666666666667,149.66666666666666,kaul1240,pss,Oceanic,Austronesian
patpatargfk,Patpatar,,-3.75,152.5,patp1243,gfk,Oceanic,Austronesian
ramoaainarai,Ramoaaina,,-4.166666666666667,152.41666666666666,ramo1244,rai,Oceanic,Austronesian
tungaklcm,Tungak,,-2.55,150.25,tung1290,lcm,Oceanic,Austronesian
tigaktgc,Tigak,,-2.716666666666667,150.8,tiga1245,tgc,Oceanic,Austronesian
karainpapuanewguinealeu,Kara (in Papua New Guinea),,-2.8333333333333335,151.11666666666667,kara1486,leu,Oceanic,Austronesian
naliknal,Nalik,,-2.95,151.33333333333334,nali1244,nal,Oceanic,Austronesian
madakmmx,Madak,,-4.25,152.0,mada1285,mmx,Oceanic,Austronesian
wuvuluwuv,Wuvulu,,1.5,143.0,wuvu1239,wuv,Oceanic,Austronesian
seimatssg,Seimat,,1.5,144.5,seim1238,ssg,Oceanic,Austronesian
loniulos,Loniu,,-2.066666666666667,147.33333333333334,loni1238,los,Oceanic,Austronesian
kelesbc,Kele,,-2.0833333333333335,147.08333333333334,kele1258,sbc,Oceanic,Austronesian
haliahla,Halia,,-5.25,154.66666666666666,hali1244,hla,Oceanic,Austronesian
taiofsps,Taiof,,-5.533333333333333,154.63333333333333,sapo1253,sps,Oceanic,Austronesian
vinitirivmg,Vinitiri,,-4.283333333333333,152.0,mini1251,vmg,Oceanic,Austronesian
teoptio,Teop,,-5.666666666666667,155.0,teop1238,tio,Oceanic,Austronesian
sisiqa,Sisiqa,,-7.0,156.83333333333334,sisi1250,,Oceanic,Austronesian
rovianarug,Roviana,,-8.25,157.33333333333334,rovi1238,rug,Oceanic,Austronesian
hoavahoa,Hoava,,-8.083333333333334,157.5,hoav1238,hoa,Oceanic,Austronesian
kokotakkk,Kokota,,-8.0,159.13333333333333,koko1269,kkk,Oceanic,Austronesian
bumatkw,Buma,,-11.633333333333333,166.83333333333334,tean1237,tkw,Oceanic,Austronesian
anejomaty,Anejom,,-20.2,169.8,anei1239,aty,Oceanic,Austronesian
erromanganerg,Erromangan,,-18.833333333333332,169.16666666666666,siee1239,erg,Oceanic,Austronesian
lenakeltnl,Lenakel,,-19.45,169.25,lena1238,tnl,Oceanic,Austronesian
belepyly,Belep,,-19.75,163.66666666666666,nyal1254,yly,Oceanic,Austronesian
xaracuuane,Xârâcùù,,-21.666666666666668,166.0,xara1244,ane,Oceanic,Austronesian
iaaiiai,Iaai,,-20.416666666666668,166.58333333333334,iaai1238,iai,Oceanic,Austronesian
drehudhv,Drehu,,-21.0,167.25,dehu1237,dhv,Oceanic,Austronesian
kiribatigil,Kiribati,,1.3333333333333333,173.0,gilb1244,gil,Oceanic,Austronesian
kosraeankos,Kosraean,,5.3,163.0,kosr1238,kos,Oceanic,Austronesian
pingilapesepif,Pingilapese,,6.2,160.71666666666667,ping1243,pif,Oceanic,Austronesian
mokilesemkj,Mokilese,,6.666666666666667,159.75,moki1238,mkj,Oceanic,Austronesian
pohnpeianpon,Pohnpeian,,6.883333333333333,158.25,pohn1238,pon,Oceanic,Austronesian
woleaianwoe,Woleaian,,7.333333333333333,143.83333333333334,wole1240,woe,Oceanic,Austronesian
longgulgu,Longgu,,-9.75,160.66666666666666,long1395,lgu,Oceanic,Austronesian
walalgl,Wala,,-8.833333333333334,160.75,wala1266,lgl,Oceanic,Austronesian
kwaiokwd,Kwaio,,-8.95,161.0,kwai1243,kwd,Oceanic,Austronesian
arearealu,'Are'are,,-9.25,161.16666666666666,area1240,alu,Oceanic,Austronesian
avavatmv,Avava,,-16.25,167.5,temb1272,tmv,Oceanic,Austronesian
vinmavisvnm,Vinmavis,,-16.166666666666668,167.41666666666666,vinm1237,vnm,Oceanic,Austronesian
mwotlapmlv,Mwotlap,,-13.583333333333334,167.58333333333334,motl1237,mlv,Oceanic,Austronesian
ambaelolovolinortheastomb,Ambae (Lolovoli Northeast),,-15.416666666666666,167.83333333333334,east2443,omb,Oceanic,Austronesian
paamesepma,Paamese,,-16.5,168.25,paam1238,pma,Oceanic,Austronesian
arakiakr,Araki,,-15.666666666666666,166.91666666666666,arak1252,akr,Oceanic,Austronesian
tamambomla,Tamambo,,-15.666666666666666,167.16666666666666,malo1243,mla,Oceanic,Austronesian
nahavaqsns,Nahavaq,,-16.516666666666666,167.48333333333332,sout2857,sns,Oceanic,Austronesian
maveamkv,Mavea,,-30.0,167.21666666666667,mafe1237,mkv,Oceanic,Austronesian
unuaonu,Unua,,-16.3,167.58333333333334,unua1237,onu,Oceanic,Austronesian
portsandwichpsw,Port Sandwich,,-16.5,167.75,port1285,psw,Oceanic,Austronesian
daakakabpa,Daakaka,,-16.25,168.0,daka1243,bpa,Oceanic,Austronesian
lewolww,Lewo,,-16.75,168.33333333333334,lewo1242,lww,Oceanic,Austronesian
efatesoutherk,Efate (South),,-17.75,168.41666666666666,sout2856,erk,Oceanic,Austronesian
rotumanrtm,Rotuman,,-12.5,177.06666666666666,rotu1241,rtm,Oceanic,Austronesian
fijianfij,Fijian,,-17.833333333333332,178.0,fiji1243,fij,Oceanic,Austronesian
niueanniu,Niuean,,-19.05,-170.11666666666667,niue1239,niu,Oceanic,Austronesian
tuvaluantvl,Tuvaluan,,-8.5,179.16666666666666,tuva1244,tvl,Oceanic,Austronesian
ifiramelemxe,Ifira-Mele,,-17.75,168.25,mele1250,mxe,Oceanic,Austronesian
rapanuirap,Rapanui,,-27.116666666666667,-109.36666666666666,rapa1244,rap,Oceanic,Austronesian
maorimri,Maori,,-40.0,176.0,maor1246,mri,Oceanic,Austronesian
marquesanmrq,Marquesan,,-8.916666666666666,-140.08333333333334,nort2845,mrq,Oceanic,Austronesian
hawaiianhaw,Hawaiian,,19.583333333333332,-155.5,hawa1245,haw,Oceanic,Austronesian
foefoi,Foe,,-6.5,143.5,foii1241,foi,East Kutubu,Trans-New Guinea
fasufaa,Fasu,,-6.583333333333333,143.33333333333334,fasu1242,faa,Fasu,Trans-New Guinea
dunaduc,Duna,,-5.5,142.5,duna1248,duc,Duna,Trans-New Guinea
baruyabyr,Baruya,,-6.916666666666667,145.91666666666666,baru1267,byr,Angan,Trans-New Guinea
menyamcr,Menya,,-7.25,146.0,meny1245,mcr,Angan,Trans-New Guinea
oksapminopm,Oksapmin,,-5.166666666666667,142.16666666666666,oksa1245,opm,Oksapmin,Trans-New Guinea
borongksr,Borong,,-6.75,147.66666666666666,boro1279,ksr,Finisterre-Huon,Trans-New Guinea
selepetspl,Selepet,,-6.166666666666667,147.16666666666666,sele1250,spl,Finisterre-Huon,Trans-New Guinea
kombakpf,Komba,,-6.25,147.25,komb1273,kpf,Finisterre-Huon,Trans-New Guinea
nabaknaf,Nabak,,-6.416666666666667,147.0,naba1256,naf,Finisterre-Huon,Trans-New Guinea
iyonca,Iyo,,-5.833333333333333,146.16666666666666,iyoo1238,nca,Finisterre-Huon,Trans-New Guinea
rawarwo,Rawa,,-5.833333333333333,146.0,rawa1267,rwo,Finisterre-Huon,Trans-New Guinea
nankinannk,Nankina,,-5.783333333333333,146.45,nank1250,nnk,Finisterre-Huon,Trans-New Guinea
agarabiagd,Agarabi,,-6.166666666666667,146.0,agar1252,agd,Kainantu-Goroka,Trans-New Guinea
awaawa,Awa,,-6.666666666666667,145.75,awad1243,awa,Kainantu-Goroka,Trans-New Guinea
huaygr,Hua,,-6.333333333333333,145.33333333333334,huaa1250,ygr,Kainantu-Goroka,Trans-New Guinea
yagariaygr,Yagaria,,-6.333333333333333,145.41666666666666,yaga1260,ygr,Kainantu-Goroka,Trans-New Guinea
kanitekmu,Kanite,,-6.45,145.5,kani1286,kmu,Kainantu-Goroka,Trans-New Guinea
sianesnp,Siane,,-6.083333333333333,145.2,sian1257,snp,Kainantu-Goroka,Trans-New Guinea
forefor,Fore,,-6.75,145.5,fore1270,for,Kainantu-Goroka,Trans-New Guinea
golingvf,Golin,,-6.333333333333333,144.75,goli1247,gvf,Chimbu,Trans-New Guinea
saltyuisll,Salt-Yui,,-6.283333333333333,145.03333333333333,salt1242,sll,Chimbu,Trans-New Guinea
kumankue,Kuman,,-5.916666666666667,145.0,kuma1280,kue,Chimbu,Trans-New Guinea
domdoa,Dom,,-6.0,144.75,domm1246,doa,Chimbu,Trans-New Guinea
hulihui,Huli,,-6.0,143.0,huli1244,hui,Engan,Trans-New Guinea
kyakakyc,Kyaka,,-5.55,144.08333333333334,kyak1244,kyc,Engan,Trans-New Guinea
kewakew,Kewa,,-6.5,143.83333333333334,west2599,kew,Engan,Trans-New Guinea
asmatcns,Asmat,,-5.5,138.5,cent2117,cns,Asmat-Kamoro,Trans-New Guinea
korowaikhe,Korowai,,-5.25,140.0,koro1312,khe,Awju-Dumut,Trans-New Guinea
wambonwms,Wambon,,-5.5,140.41666666666666,wamb1259,wms,Awju-Dumut,Trans-New Guinea
kombaityn,Kombai,,-5.583333333333333,140.0,komb1274,tyn,Awju-Dumut,Trans-New Guinea
tifaltif,Tifal,,-5.0,141.33333333333334,tifa1245,tif,Ok,Trans-New Guinea
biminbhl,Bimin,,-5.333333333333333,142.0,bimi1240,bhl,Ok,Trans-New Guinea
mianmpt,Mian,,-4.75,141.5,mian1256,mpt,Ok,Trans-New Guinea
nggemnbq,Nggem,,-3.6666666666666665,138.08333333333334,ngge1241,nbq,Dani,Trans-New Guinea
kobonkpw,Kobon,,-5.166666666666667,144.33333333333334,kobo1249,kpw,Madang,Trans-New Guinea
nendanh,Nend,,-5.0,144.91666666666666,nend1239,anh,Madang,Trans-New Guinea
anamuxraimi,Anamuxra,,-4.666666666666667,145.0,anam1248,imi,Madang,Trans-New Guinea
siroissd,Siroi,,-5.5,146.0,siro1249,ssd,Madang,Trans-New Guinea
tauyatya,Tauya,,-5.75,145.33333333333334,tauy1241,tya,Madang,Trans-New Guinea
girawabbr,Girawa,,-5.416666666666667,145.41666666666666,gira1247,bbr,Madang,Trans-New Guinea
ameleaey,Amele,,-5.25,145.58333333333334,amel1241,aey,Madang,Trans-New Guinea
bargammlp,Bargam,,-4.866666666666667,145.75,barg1252,mlp,Madang,Trans-New Guinea
maiasks,Maia,,-4.25,145.08333333333334,maia1254,sks,Madang,Trans-New Guinea
mauwakemhl,Mauwake,,-4.5,145.33333333333334,mauw1238,mhl,Madang,Trans-New Guinea
usanwnu,Usan,,-4.833333333333333,145.16666666666666,usan1239,wnu,Madang,Trans-New Guinea
waskiawsk,Waskia,,-4.5,146.0,wask1241,wsk,Madang,Trans-New Guinea
yalekosarekkkl,Yale (Kosarek),,-4.083333333333333,139.5,kosa1249,kkl,Mek,Trans-New Guinea
unamtg,Una,,-4.666666666666667,140.0,unaa1239,mtg,Mek,Trans-New Guinea
eipoeip,Eipo,,-4.333333333333333,140.08333333333334,eipo1242,eip,Mek,Trans-New Guinea
guhusamaneghs,Guhu-Samane,,-8.0,147.33333333333334,guhu1244,ghs,Binanderean,Trans-New Guinea
binanderebhg,Binandere,,-8.25,148.0,bina1277,bhg,Binanderean,Trans-New Guinea
orokaivaokv,Orokaiva,,-8.833333333333334,148.25,orok1269,okv,Binanderean,Trans-New Guinea
korafekpr,Korafe,,-9.0,149.08333333333334,kora1294,kpr,Binanderean,Trans-New Guinea
kunimaipakup,Kunimaipa,,-8.0,146.83333333333334,kuni1267,kup,Goilalan,Trans-New Guinea
mairasizrs,Mairasi,,-3.5,134.0,nucl1594,zrs,Mairasi,Mairasi
koitakqi,Koita,,-9.333333333333334,147.08333333333334,koit1244,kqi,Koiarian,Koiarian
koiarikbk,Koiari,,-9.5,147.33333333333334,gras1249,kbk,Koiarian,Koiarian
koialimountainkpx,Koiali (Mountain),,-9.0,147.5,moun1252,kpx,Koiarian,Koiarian
baraibbb,Barai,,-9.333333333333334,148.08333333333334,nucl1630,bbb,Koiarian,Koiarian
omieaom,Ömie,,-9.0,148.0,omie1241,aom,Koiarian,Koiarian
makasaemkz,Makasae,,-8.666666666666666,126.5,maka1316,mkz,Makasae-Fataluku-Oirata,Timor-Alor-Pantar
fatalukuddg,Fataluku,,-8.5,127.08333333333333,fata1247,ddg,Makasae-Fataluku-Oirata,Timor-Alor-Pantar
woisikawoi,Woisika,,-8.25,124.83333333333333,kama1365,woi,Greater Alor,Timor-Alor-Pantar
abuiabz,Abui,,-8.25,124.66666666666667,abui1241,abz,Greater Alor,Timor-Alor-Pantar
klonkyo,Klon,,-8.416666666666666,124.41666666666667,kelo1247,kyo,Greater Alor,Timor-Alor-Pantar
adangadn,Adang,,-8.2,124.0,adan1251,adn,Greater Alor,Timor-Alor-Pantar
teiwatwe,Teiwa,,-8.416666666666666,124.11666666666666,teiw1235,twe,East Pantar,Timor-Alor-Pantar
edoloetr,Edolo,,-6.166666666666667,142.66666666666666,edol1239,etr,Bosavi,Bosavi
odoodeekkc,Odoodee,,-6.583333333333333,142.5,odoo1238,kkc,East Strickland,East Strickland
inanwatanszp,Inanwatan,,-2.0,132.0,suab1238,szp,South Bird's Head,South Bird’s Head
sentaniset,Sentani,,-2.5833333333333335,140.58333333333334,nucl1632,set,Sentani,Sentani
isirawasrl,Isirawa,,-1.8333333333333335,138.5,isir1237,srl,Kwerba,Kwerba
yarebayrb,Yareba,,-9.5,148.5,yare1248,yrb,Yareban,Yareban
dagadgz,Daga,,-10.0,149.33333333333334,daga1275,dgz,Dagan,Dagan
pawaianpwa,Pawaian,,-7.0,145.08333333333334,pawa1255,pwa,Pawaian,Pawaian
rumuklq,Rumu,,-7.166666666666667,144.25,rumu1243,klq,Turama-Kikorian,Turama-Kikorian
kakiaetbd,Kaki Ae,,-8.0,145.83333333333334,kaki1249,tbd,Tate,Eleman
kiwaisouthernkjd,Kiwai (Southern),,-8.0,143.5,sout2949,kjd,Kiwaian,Kiwaian
meryammirulk,Meryam Mir,,-9.916666666666666,144.08333333333334,meri1244,ulk,Eastern Trans-Fly,Eastern Trans-Fly
anggoragg,Anggor,,-3.75,141.16666666666666,ango1254,agg,Senagi,Senagi
amanabamn,Amanab,,-3.5833333333333335,141.25,aman1265,amn,Border,Border
wariswrs,Waris,,-3.1666666666666665,141.0,wari1266,wrs,Border,Border
imondaimn,Imonda,,-3.3333333333333335,141.16666666666666,imon1245,imn,Border,Border
nimborannir,Nimboran,,-2.5,140.16666666666666,nucl1633,nir,Nimboran,Nimboran
abunkgr,Abun,,-0.5,132.5,abun1252,kgr,Abun,Abun
maybratayz,Maybrat,,-1.3333333333333333,132.5,maib1239,ayz,Maybrat,Maybrat
hatamhad,Hatam,,-1.0,134.0,hata1243,had,Hatam-Mansim,Hatam
mpurakc,Mpur,,-0.75,133.25,mpur1239,akc,Mpur,Mpur
ternatetft,Ternate,,0.8333333333333334,127.25,tern1247,tft,North Halmaheran,West Papuan
tidoretvo,Tidore,,0.75,127.5,tido1248,tvo,North Halmaheran,West Papuan
sahusaj,Sahu,,1.1666666666666667,127.0,sahu1245,saj,North Halmaheran,West Papuan
pagupgu,Pagu,,1.25,127.75,pagu1249,pgu,North Halmaheran,West Papuan
westmakianmqs,West Makian,,0.5,127.58333333333333,west2600,mqs,North Halmaheran,West Papuan
skouskv,Skou,,-2.5833333333333335,140.91666666666666,nucl1634,skv,Western Skou,Skou
wutungwut,Wutung,,-2.6666666666666665,141.08333333333334,wutu1244,wut,Western Skou,Skou
isakaksi,I'saka,,-2.8333333333333335,141.28333333333333,kris1246,ksi,Krisa,Skou
pokoraworwa,Poko-Rawo,,-2.8333333333333335,141.58333333333334,rawo1244,rwa,Serra Hills,Skou
barupuwra,Barupu,,-3.0833333333333335,142.08333333333334,wara1302,wra,Warapu,Skou
meyahmej,Meyah,,-0.5,133.5,meya1236,mej,East Bird's Head,East Bird's Head
moskonamtj,Moskona,,-1.5,133.0,mosk1236,mtj,East Bird's Head,East Bird's Head
urimuri,Urim,,-3.5833333333333335,142.66666666666666,urim1252,uri,Urim,Torricelli
auavt,Au,,-3.5833333333333335,142.08333333333334,auuu1241,avt,Wapei-Palei,Torricelli
yeriyev,Yeri,,-3.5,142.41666666666666,yapu1240,yev,Wapei-Palei,Torricelli
walmanvan,Walman,,-3.216666666666667,142.5,valm1241,van,Wapei-Palei,Torricelli
uraturt,Urat,,-3.6666666666666665,142.83333333333334,urat1244,urt,Kombio-Arapesh,Torricelli
kombioxbi,Kombio,,-3.5,142.75,komb1272,xbi,Kombio-Arapesh,Torricelli
arapeshmountainape,Arapesh (Mountain),,-3.5,143.16666666666666,buki1249,ape,Kombio-Arapesh,Torricelli
arapeshabuaah,Arapesh (Abu),,-3.45,142.95,abua1245,aah,Kombio-Arapesh,Torricelli
kamasaukms,Kamasau,,-3.9166666666666665,143.66666666666666,kama1367,kms,Marienberg,Torricelli
monumbomxk,Monumbo,,-4.25,145.0,nucl1458,mxk,Monumbo,Torricelli
gapungpn,Gapun,,-4.083333333333333,144.5,taia1239,gpn,Gapun,Gapun
abauaau,Abau,,-4.0,141.25,abau1245,aau,Abau,Sepik
awtuwkmn,Awtuw,,-3.5833333333333335,142.0,awtu1239,kmn,Ram,Sepik
namiannm,Namia,,-3.8333333333333335,141.75,nami1256,nnm,Yellow River,Sepik
kwangakwj,Kwanga,,-3.8333333333333335,142.75,kwan1278,kwj,Nukuma,Sepik
kwomakmo,Kwoma,,-4.166666666666667,142.75,kwom1262,kmo,Nukuma,Sepik
saredju,Sare,,-4.5,143.16666666666666,kapr1245,dju,Sepik Hill,Sepik
alamblakamp,Alamblak,,-4.666666666666667,143.33333333333334,alam1246,amp,Sepik Hill,Sepik
ambulasabt,Ambulas,,-3.8333333333333335,143.0,ambu1247,abt,Ndu,Sepik
iatmulian,Iatmul,,-4.25,143.25,iatm1242,ian,Ndu,Sepik
raorao,Rao,,-4.75,144.5,raoo1244,rao,Annaberg,Ramu-Lower Sepik
yelidnyeyle,Yelî Dnye,,-11.366666666666667,154.16666666666666,yele1255,yle,Yelî Dnye,Yelî Dnye
lavukalevelvk,Lavukaleve,,-9.083333333333334,159.2,lavu1241,lvk,Lavukaleve,Solomons East Papuan
savosavosvs,Savosavo,,-9.116666666666667,159.78333333333333,savo1255,svs,Savosavo,Solomons East Papuan
biluablb,Bilua,,-7.75,156.66666666666666,bilu1245,blb,Bilua,Solomons East Papuan
sulkasua,Sulka,,-5.083333333333333,152.0,sulk1246,sua,Sulka,Sulka
anemanz,Anêm,,-5.5,149.0,anem1249,anz,Anêm,Anêm
maligcc,Mali,,-4.833333333333333,152.25,mali1284,gcc,Baining,Baining
kuotkto,Kuot,,-3.05,151.5,kuot1243,kto,Kuot,Kuot
motunasiw,Motuna,,-6.616666666666667,155.41666666666666,siwa1245,siw,South Bougainville,South Bougainville
gaagudjugbu,Gaagudju,,-12.583333333333334,132.83333333333334,gaga1251,gbu,Gaagudju,Gaagudju
tiwitiw,Tiwi,,-11.5,131.0,tiwi1244,tiw,Tiwian,Tiwian
maungmph,Maung,,-11.916666666666666,133.5,maun1240,mph,Iwaidjan,Iwaidjan
ngalakannig,Ngalakan,,-14.25,134.0,ngal1293,nig,Ngalakan,Gunwinyguan
mangarrayimpc,Mangarrayi,,-14.5,133.5,mang1381,mpc,Mangarrayi,Mangarrayi-Maran
wagimanwaq,Wagiman,,-14.0,131.25,wage1238,waq,Wagiman,Wagiman
wardamanwrr,Wardaman,,-15.5,131.0,ward1246,wrr,Yangmanic,Yangmanic
nakkaranck,Nakkara,,-12.116666666666667,134.41666666666666,naka1260,nck,Nakkara,Maningrida
ndjebbanadjj,Ndjébbana,,-12.166666666666666,134.11666666666667,djee1236,djj,Ndjébbana,Maningrida
djingilijig,Djingili,,-17.75,134.0,djin1251,jig,Djingili,Mirndi
ngankikurungkurrnam,Ngankikurungkurr,,-14.0,130.5,nang1259,nam,Ngankikurungkurr,Southern Daly
marrithiyelmfr,Marrithiyel,,-13.833333333333334,130.0,mari1424,mfr,Bringen,Western Daly
emmiamy,Emmi,,-13.5,130.0,amii1238,amy,Wagaydy,Western Daly
maranungkuzmr,Maranungku,,-13.666666666666666,130.0,mara1386,zmr,Wagaydy,Western Daly
bunubabck,Bunuba,,-17.75,125.75,buna1275,bck,Bunaban,Bunaban
gooniyandigni,Gooniyandi,,-18.333333333333332,126.33333333333333,goon1238,gni,Bunaban,Bunaban
nyulnyulnyv,Nyulnyul,,-17.0,122.83333333333333,nyul1247,nyv,Nyulnyulan,Nyulnyulan
bardibcj,Bardi,,-16.5,122.5,bard1255,bcj,Nyulnyulan,Nyulnyulan
guningww,Gunin,,-14.25,126.66666666666667,kwin1241,gww,Worrorran,Worrorran
ungarinjinung,Ungarinjin,,-16.333333333333332,126.0,ngar1284,ung,Worrorran,Worrorran
kayardildgyd,Kayardild,,-17.05,139.5,kaya1319,gyd,Tangkic,Tangkic
yukultagcd,Yukulta,,-17.333333333333332,138.83333333333334,gang1267,gcd,Tangkic,Tangkic
uradhiurf,Uradhi,,-11.916666666666666,142.41666666666666,urad1239,urf,Northern Pama-Nyungan,Pama-Nyungan
kugunganhcarauwa,Kugu Nganhcara,,-14.5,142.0,kuku1280,uwa,Northern Pama-Nyungan,Pama-Nyungan
kuukthaayorrethd,Kuuk Thaayorre,,-14.583333333333334,141.83333333333334,thay1249,thd,Northern Pama-Nyungan,Pama-Nyungan
ngawunnxn,Ngawun,,-19.0,141.5,ngaw1240,nxn,Northern Pama-Nyungan,Pama-Nyungan
guuguyimidhirrkky,Guugu Yimidhirr,,-15.0,144.83333333333334,gugu1255,kky,Northern Pama-Nyungan,Pama-Nyungan
kukuyalanjigvn,Kuku-Yalanji,,-16.0,145.0,kuku1273,gvn,Northern Pama-Nyungan,Pama-Nyungan
yidinyyii,Yidiny,,-17.0,145.75,yidi1250,yii,Northern Pama-Nyungan,Pama-Nyungan
dyirbaldbl,Dyirbal,,-17.833333333333332,145.58333333333334,dyir1250,dbl,Northern Pama-Nyungan,Pama-Nyungan
biribzr,Biri,,-20.5,146.5,biri1256,bzr,Northern Pama-Nyungan,Pama-Nyungan
kalkatunguktg,Kalkatungu,,-21.0,139.5,kalk1246,ktg,Northern Pama-Nyungan,Pama-Nyungan
wembawemba,Wembawemba,,-35.333333333333336,144.0,west2443,,Southeastern Pama-Nyungan,Pama-Nyungan
muruwarizmu,Muruwari,,-28.75,147.0,muru1266,zmu,Southeastern Pama-Nyungan,Pama-Nyungan
bandjalangbdy,Bandjalang,,-28.75,153.0,midd1357,bdy,Southeastern Pama-Nyungan,Pama-Nyungan
yuwaalaraaykld,Yuwaalaraay,,-29.5,148.0,gami1243,kld,Southeastern Pama-Nyungan,Pama-Nyungan
diyaridif,Diyari,,-28.0,139.0,dier1241,dif,Central Pama-Nyungan,Pama-Nyungan
arrerntemparntweaer,Arrernte (Mparntwe),,-24.0,136.0,east2379,aer,Central Pama-Nyungan,Pama-Nyungan
pitjantjatjarapjt,Pitjantjatjara,,-26.0,130.0,pitj1243,pjt,Western Pama-Nyungan,Pama-Nyungan
ngaanyatjarrantj,Ngaanyatjarra,,-26.0,126.5,ngaa1240,ntj,Western Pama-Nyungan,Pama-Nyungan
ngadjumajanju,Ngadjumaja,,-32.333333333333336,123.83333333333333,ngad1258,nju,Western Pama-Nyungan,Pama-Nyungan
inupiaqesk,Iñupiaq,,70.0,-150.0,nort2945,esk,Eskimo,Eskimo-Aleut
greenlandicwestkal,Greenlandic (West),,64.0,-51.0,kala1399,kal,Eskimo,Eskimo-Aleut
haidahai,Haida,,53.0,-132.0,haid1248,hai,Haida,Haida
tlingittli,Tlingit,,59.0,-135.0,tlin1245,tli,Tlingit,Na-Dene
slaveden,Slave,,67.0,-125.0,slav1253,den,Athapaskan,Na-Dene
sarceesrs,Sarcee,,52.5,-116.0,sars1236,srs,Athapaskan,Na-Dene
hupahup,Hupa,,41.083333333333336,-123.66666666666667,hupa1239,hup,Athapaskan,Na-Dene
wiyotwiy,Wiyot,,40.833333333333336,-124.16666666666667,wiyo1248,wiy,Wiyot,Algic
yurokyur,Yurok,,41.333333333333336,-124.0,yuro1248,yur,Yurok,Algic
blackfootbla,Blackfoot,,50.0,-112.66666666666667,siks1238,bla,Algonquian,Algic
arapahoarp,Arapaho,,40.0,-103.0,arap1274,arp,Algonquian,Algic
ottawaotw,Ottawa,,47.0,-83.0,otta1242,otw,Algonquian,Algic
quileutequi,Quileute,,47.916666666666664,-124.25,quil1240,qui,Chimakuan,Chimakuan
kwakwalakwk,Kwakw'ala,,51.0,-127.0,kwak1269,kwk,Northern Wakashan,Wakashan
halkomelemupriverhur,Halkomelem (Upriver),,49.5,-121.0,halk1245,hur,Central Salish,Salishan
musqueamhur,Musqueam,,49.166666666666664,-123.0,musq1240,hur,Central Salish,Salishan
thompsonthp,Thompson,,49.75,-121.75,thom1243,thp,Interior Salish,Salishan
yuchiyuc,Yuchi,,35.75,-86.75,yuch1247,yuc,Yuchi,Yuchi
mandanmhq,Mandan,,47.0,-102.0,mand1446,mhq,Core Siouan,Siouan
assiniboineasb,Assiniboine,,49.0,-104.0,assi1247,asb,Core Siouan,Siouan
lakhotalkt,Lakhota,,43.833333333333336,-101.83333333333333,lako1247,lkt,Core Siouan,Siouan
osageosa,Osage,,37.0,-94.0,osag1243,osa,Core Siouan,Siouan
wichitawic,Wichita,,33.333333333333336,-97.33333333333333,wich1260,wic,Caddoan,Caddoan
cherokeechr,Cherokee,,35.5,-80.0,cher1273,chr,Southern Iroquoian,Iroquoian
gitksangit,Gitksan,,55.333333333333336,-127.75,gitx1241,git,Tsimshianic,Penutian
tsimshiancoasttsi,Tsimshian (Coast),,52.5,-129.0,nucl1649,tsi,Tsimshianic,Penutian
chinooklowerchh,Chinook (Lower),,46.25,-123.5,chin1286,chh,Chinookan,Penutian
klamathkla,Klamath,,42.5,-121.5,klam1254,kla,Klamath-Modoc,Penutian
klikitat,Klikitat,,45.833333333333336,-120.83333333333333,klik1240,,Sahaptian,Penutian
yakimayak,Yakima,,46.333333333333336,-121.0,yaki1237,yak,Sahaptian,Penutian
nezpercenez,Nez Perce,,46.0,-116.0,nezp1238,nez,Sahaptian,Penutian
wikchamni,Wikchamni,,36.416666666666664,-119.08333333333333,wikc1234,,Yokuts,Penutian
takelmatkm,Takelma,,42.5,-123.0,take1257,tkm,Takelma,Takelma
cooshaniscsz,Coos (Hanis),,43.5,-124.16666666666667,coos1249,csz,Coosan,Oregon Coast
siuslawsis,Siuslaw,,44.0,-124.0,sius1254,sis,Siuslawan,Oregon Coast
zunizun,Zuni,,35.083333333333336,-108.83333333333333,zuni1245,zun,Zuni,Zuni
choctawcho,Choctaw,,32.25,-88.5,choc1276,cho,Muskogean,Muskogean
chickasawcic,Chickasaw,,34.0,-88.0,chic1270,cic,Muskogean,Muskogean
creekmus,Creek,,34.0,-85.0,cree1270,mus,Muskogean,Muskogean
seminolemus,Seminole,,33.0,-84.0,semi1265,mus,Muskogean,Muskogean
wappowao,Wappo,,38.5,-122.5,wapp1239,wao,Wappo,Wappo-Yukian
totonacmisantlatlc,Totonac (Misantla),,19.916666666666668,-96.91666666666667,yecu1235,tlc,Totonacan,Totonacan
tepehuahuehuetlatee,Tepehua (Huehuetla),,20.5,-98.0,hueh1236,tee,Totonacan,Totonacan
tepehuatlachichilcotpt,Tepehua (Tlachichilco),,20.583333333333332,-98.25,tlac1235,tpt,Totonacan,Totonacan
mixeayutlamxp,Mixe (Ayutla),,17.083333333333332,-96.08333333333333,tlah1239,mxp,Mixe-Zoque,Mixe-Zoque
olutecplo,Olutec,,17.95,-95.0,olut1240,plo,Mixe-Zoque,Mixe-Zoque
popolucasierrapoi,Popoluca (Sierra),,18.333333333333332,-95.16666666666667,high1276,poi,Mixe-Zoque,Mixe-Zoque
zoquecopainalazoc,Zoque (Copainalá),,17.0,-93.25,copa1236,zoc,Mixe-Zoque,Mixe-Zoque
zoquechimalapazoh,Zoque (Chimalapa),,16.75,-94.75,chim1300,zoh,Mixe-Zoque,Mixe-Zoque
huastechus,Huastec,,22.083333333333332,-99.33333333333333,huas1242,hus,Mayan,Mayan
huastecsoutheasternhus,Huastec (Southeastern),,21.716666666666665,-98.0,huas1242,hus,Mayan,Mayan
lacandonlac,Lacandón,,17.0,-91.5,laca1243,lac,Mayan,Mayan
itzajitz,Itzaj,,17.0,-89.83333333333333,itza1241,itz,Mayan,Mayan
cholctu,Chol,,17.75,-92.5,chol1282,ctu,Mayan,Mayan
chontalmayachf,Chontal Maya,,18.166666666666668,-92.58333333333333,taba1266,chf,Mayan,Mayan
chorticaa,Chortí,,14.833333333333334,-89.25,chor1273,caa,Mayan,Mayan
tzeltaltzh,Tzeltal,,17.0,-92.33333333333333,tzel1254,tzh,Mayan,Mayan
chujcac,Chuj,,15.916666666666666,-91.58333333333333,chuj1250,cac,Mayan,Mayan
jakaltekjac,Jakaltek,,15.666666666666666,-91.66666666666667,popt1235,jac,Mayan,Mayan
kanjobalwesternknj,Kanjobal (Western),,15.833333333333334,-91.83333333333333,west2635,knj,Mayan,Mayan
mammam,Mam,,15.0,-91.83333333333333,mamm1241,mam,Mayan,Mayan
ixilixl,Ixil,,15.5,-91.0,ixil1251,ixl,Mayan,Mayan
sipakapensequm,Sipakapense,,15.25,-91.75,sipa1247,qum,Mayan,Mayan
karokkyh,Karok,,41.666666666666664,-123.0,karo1304,kyh,Karok,Karok
chimarikocid,Chimariko,,41.0,-123.0,chim1301,cid,Chimariko,Hokan
serisei,Seri,,29.0,-112.0,seri1257,sei,Seri,Hokan
kiliwaklb,Kiliwa,,31.333333333333332,-115.66666666666667,kili1268,klb,Yuman,Hokan
cocopacoc,Cocopa,,32.333333333333336,-115.0,coco1261,coc,Yuman,Hokan
maricopamrc,Maricopa,,33.166666666666664,-113.16666666666667,mari1440,mrc,Yuman,Hokan
washowas,Washo,,39.25,-120.0,wash1253,was,Washo,Washo
chontalhuamelultecoaxacaclo,Chontal (Huamelultec Oaxaca),,16.0,-95.75,lowl1260,clo,Tequistlatecan,Tequistlatecan
tonkawatqw,Tonkawa,,30.25,-96.75,tonk1249,tqw,Tonkawa,Tonkawa
toljic,Tol,,15.0,-87.0,toll1241,jic,Tol,Tol
pamesouthernpmz,Pame (Southern),,22.0,-99.5,sout2999,pmz,Pamean,Oto-Manguean
otomimezquitalote,Otomí (Mezquital),,20.0,-99.0,mezq1235,ote,Otomian,Oto-Manguean
otomisantiagomexquititlanotq,Otomí (Santiago Mexquititlan),,20.083333333333332,-100.08333333333333,quer1236,otq,Otomian,Oto-Manguean
ocuiltecoocu,Ocuilteco,,18.916666666666668,-99.66666666666667,atzi1235,ocu,Matlatzincan,Oto-Manguean
chichimecajonezpei,Chichimeca-Jonez,,22.0,-100.5,chic1272,pei,Chichimec,Oto-Manguean
amuzgoazg,Amuzgo,,16.833333333333332,-98.0,sanp1260,azg,Amuzgoan,Oto-Manguean
triquecopalatrc,Trique (Copala),,17.166666666666668,-97.91666666666667,copa1237,trc,Mixtecan,Oto-Manguean
mixtecatatlahucamib,Mixtec (Atatlahuca),,17.0,-97.75,atat1238,mib,Mixtecan,Oto-Manguean
mixtecjicaltepecmio,Mixtec (Jicaltepec),,16.333333333333332,-98.0,pino1237,mio,Mixtecan,Oto-Manguean
mixtecocotepecmie,Mixtec (Ocotepec),,17.166666666666668,-97.75,ocot1243,mie,Mixtecan,Oto-Manguean
mixtecdiuxitilantongoxtd,Mixtec (Diuxi-Tilantongo),,17.366666666666667,-97.38333333333334,diux1235,xtd,Mixtecan,Oto-Manguean
mixtecpenolesmil,Mixtec (Peñoles),,17.083333333333332,-96.91666666666667,peno1244,mil,Mixtecan,Oto-Manguean
mixtecyosonduampm,Mixtec (Yosondúa),,19.916666666666668,-97.58333333333333,yoso1239,mpm,Mixtecan,Oto-Manguean
mazatecchiquihuitlanmaq,Mazatec (Chiquihuitlán),,17.75,-96.91666666666667,chiq1250,maq,Popolocan,Oto-Manguean
chinanteccomaltepeccco,Chinantec (Comaltepec),,17.583333333333332,-96.41666666666667,coma1246,cco,Chinantecan,Oto-Manguean
chinanteclealaocle,Chinantec (Lealao),,17.333333333333332,-95.91666666666667,leal1235,cle,Chinantecan,Oto-Manguean
chinantecpalantlacpa,Chinantec (Palantla),,18.833333333333332,-96.75,pala1351,cpa,Chinantecan,Oto-Manguean
chatinosierraoccidentalctp,Chatino (Sierra Occidental),,16.25,-96.66666666666667,west2644,ctp,Zapotecan,Oto-Manguean
chatinoyaitepecctp,Chatino (Yaitepec),,16.25,-97.25,yait1239,ctp,Zapotecan,Oto-Manguean
zapotecisthmuszai,Zapotec (Isthmus),,16.416666666666668,-95.0,isth1244,zai,Zapotecan,Oto-Manguean
zapotecjuarezzaa,Zapotec (Juarez),,17.5,-96.58333333333333,sier1250,zaa,Zapotecan,Oto-Manguean
zapoteczoogochozpq,Zapotec (Zoogocho),,17.216666666666665,-96.41666666666667,zoog1238,zpq,Zapotecan,Oto-Manguean
tlapanectcf,Tlapanec,,17.5,-100.0,mali1285,tcf,Subtiaba-Tlapanec,Oto-Manguean
towatow,Towa,,35.833333333333336,-107.0,jeme1245,tow,Kiowa-Tanoan,Kiowa-Tanoan
paiutenorthernpao,Paiute (Northern),,42.0,-118.0,nort2954,pao,Numic,Uto-Aztecan
shoshoneshh,Shoshone,,41.0,-114.0,shos1248,shh,Numic,Uto-Aztecan
tumpisashoshonepar,Tümpisa Shoshone,,37.0,-117.0,pana1305,par,Numic,Uto-Aztecan
uteute,Ute,,38.0,-113.0,utes1238,ute,Numic,Uto-Aztecan
luisenolui,Luiseño,,33.0,-117.5,luis1253,lui,Takic,Uto-Aztecan
cupenocup,Cupeño,,33.25,-116.66666666666667,cupe1243,cup,Takic,Uto-Aztecan
oodhamood,O'odham,,32.0,-112.0,toho1245,ood,Tepiman,Uto-Aztecan
nevomepia,Nevome,,28.0,-108.0,pima1248,pia,Tepiman,Uto-Aztecan
pimabajopia,Pima Bajo,,28.75,-111.0,pima1248,pia,Tepiman,Uto-Aztecan
tepehuansoutheasternstp,Tepehuan (Southeastern),,26.0,-104.0,sout2976,stp,Tepiman,Uto-Aztecan
tarahumarawesterntac,Tarahumara (Western),,27.0,-108.0,lowl1265,tac,Tarahumaran,Uto-Aztecan
tarahumaracentraltar,Tarahumara (Central),,27.5,-107.5,cent2131,tar,Tarahumaran,Uto-Aztecan
yaquiyaq,Yaqui,,28.0,-110.0,yaqu1251,yaq,Cahita,Uto-Aztecan
nahuatlhuastecanhe,Nahuatl (Huasteca),,21.0,-99.0,east2538,nhe,Aztecan,Uto-Aztecan
nahuatlmichoacanncl,Nahuatl (Michoacán),,18.5,-103.0,mich1245,ncl,Aztecan,Uto-Aztecan
nahuatltetelcingonhg,Nahuatl (Tetelcingo),,19.0,-99.0,tete1251,nhg,Aztecan,Uto-Aztecan
coracrn,Cora,,22.5,-105.0,elna1235,crn,Corachol,Uto-Aztecan
tubartbu,Tubar,,27.0,-108.0,tuba1279,tbu,Tubar,Uto-Aztecan
purepechatsz,Purépecha,,20.0,-102.0,pure1242,tsz,Tarascan,Tarascan
xincaguazacapanxin,Xinca (Guazacapán),,14.083333333333334,-90.41666666666667,xinc1247,xin,Xincan,Xincan
miskitomiq,Miskito,,14.0,-84.0,misk1235,miq,Misumalpan,Misumalpan
sumuyan,Sumu,,13.0,-84.5,maya1285,yan,Misumalpan,Misumalpan
shirianashb,Shiriana,,3.0,-64.0,nina1238,shb,Yanomam,Yanomam
pechpay,Pech,,15.0,-86.0,pech1241,pay,Paya,Chibchan
ramarma,Rama,,12.0,-84.0,rama1270,rma,Rama,Chibchan
bribribzd,Bribri,,10.0,-83.0,brib1243,bzd,Talamanca,Chibchan
teribetfr,Teribe,,9.333333333333334,-82.66666666666667,teri1250,tfr,Talamanca,Chibchan
borucabrn,Boruca,,8.833333333333334,-83.25,boru1252,brn,Talamanca,Chibchan
ngaberegym,Ngäbere,,8.0,-81.0,ngab1239,gym,Guaymiic,Chibchan
bugleresab,Buglere,,8.0,-81.5,bugl1243,sab,Guaymiic,Chibchan
ikaarh,Ika,,10.666666666666666,-73.75,arhu1242,arh,Arhuacic,Chibchan
muiscachb,Muisca,,5.0,-74.0,chib1270,chb,Chibcha-Duit,Chibchan
waraowba,Warao,,9.0,-62.0,wara1303,wba,Warao,Warao
mochicaomc,Mochica,,-7.5,-79.33333333333333,moch1259,omc,Chimúan,Chimúan
allentiac,Allentiac,,-31.0,-68.0,alle1238,,Huarpe,Huarpe
pirahamyp,Pirahã,,-7.0,-62.0,pira1253,myp,Mura,Mura
emberanorthernemp,Emberá (Northern),,7.0,-77.0,nort2972,emp,Choco,Choco
epenapedeesja,Epena Pedee,,3.0,-77.0,epen1239,sja,Choco,Choco
paezpbb,Páez,,2.6666666666666665,-76.0,paez1247,pbb,Páezan,Páezan
awapitkwi,Awa Pit,,1.5,-78.25,awac1239,kwi,Barbacoan,Barbacoan
cholonclh,Cholón,,-8.0,-77.5,chil1275,clh,Hibito-Cholón,Hibito-Cholón
urarinaura,Urarina,,-4.5,-75.5,urar1246,ura,Urarina,Urarina
quechuahuallagaqub,Quechua (Huallaga),,-9.5,-75.5,hual1241,qub,Quechuan,Quechuan
quechuaimbaburaqvi,Quechua (Imbabura),,0.3333333333333333,-78.0,imba1240,qvi,Quechuan,Quechuan
aymaracentralayr,Aymara (Central),,-17.0,-69.0,cent2142,ayr,Aymaran,Aymaran
aymarasouthernayc,Aymara (Southern),,-17.166666666666668,-70.33333333333333,sout2996,ayc,Aymaran,Aymaran
jaqarujqr,Jaqaru,,-13.0,-76.0,jaqa1244,jqr,Aymaran,Aymaran
mapudungunarn,Mapudungun,,-38.0,-72.0,mapu1245,arn,Araucanian,Araucanian
qawasqaralc,Qawasqar,,-49.0,-75.0,qawa1238,alc,Alacalufan,Alacalufan
gununakunepue,Gününa Küne,,-41.0,-67.0,puel1244,pue,Puelche,Puelche
selknamona,Selknam,,-54.0,-68.5,onaa1245,ona,Chonan,Chonan
kwaza,Kwaza,,-12.583333333333334,-60.666666666666664,kwaz1243,,Kwaza,Kwaza
ticunatca,Ticuna,,-3.0,-70.0,ticu1245,tca,Ticuna,Ticuna
nambikuarasouthernnab,Nambikuára (Southern),,-13.0,-59.0,sout2994,nab,Nambikuaran,Nambikuaran
hupjup,Hup,,-1.0,-67.0,hupd1244,jup,Nadahup,Nadahup
dawkwa,Dâw,,-0.25,-67.08333333333333,daww1239,kwa,Nadahup,Nadahup
cacuacbv,Cacua,,1.0833333333333333,-70.0,cacu1241,cbv,Cacua-Nukak,Cacua-Nukak
kotiriagvc,Kotiria,,0.8333333333333334,-69.5,guan1269,gvc,Tucanoan,Tucanoan
barasanobsn,Barasano,,0.0,-70.75,bara1380,bsn,Tucanoan,Tucanoan
cubeocub,Cubeo,,1.3333333333333333,-70.5,cube1242,cub,Tucanoan,Tucanoan
retuaratnc,Retuarã,,-0.5,-70.66666666666667,tani1257,tnc,Tucanoan,Tucanoan
sionasnn,Siona,,0.5,-76.0,sion1247,snn,Tucanoan,Tucanoan
secoyasey,Secoya,,-0.3333333333333333,-76.0,seco1241,sey,Tucanoan,Tucanoan
cayuvavacyb,Cayuvava,,-13.5,-65.5,cayu1262,cyb,Cayuvava,Cayuvava
yuracareyuz,Yuracare,,-16.583333333333332,-65.25,yura1255,yuz,Yurakare,Yurakare
piaroapid,Piaroa,,5.0,-67.0,piar1243,pid,Piaroa,Sáliban
cuica,Cuica,,9.0,-70.5,cuic1235,,Timote-Cuica,Timote-Cuica
cofancon,Cofán,,0.16666666666666666,-77.16666666666667,cofa1242,con,Cofán,Cofán
aguarunaagr,Aguaruna,,-5.25,-78.0,agua1253,agr,Jivaroan,Jivaroan
karitianaktn,Karitiana,,-9.5,-64.0,kari1311,ktn,Arikem,Tupian
karoararaarr,Karó (Arára),,-10.333333333333334,-62.0,karo1305,arr,Ramarama,Tupian
jurunajur,Juruna,,-5.0,-54.5,juru1256,jur,Yuruna,Tupian
mekensskf,Mekens,,-13.0,-62.0,saki1248,skf,Tupari,Tupian
akuntsuaqz,Akuntsú,,-12.833333333333334,-61.0,akun1241,aqz,Tupari,Tupian
emerilloneme,Émérillon,,3.1666666666666665,-52.416666666666664,emer1243,eme,Tupi-Guaraní,Tupian
kayabikyz,Kayabí,,-11.0,-55.5,kaya1329,kyz,Tupi-Guaraní,Tupian
guaranigug,Guaraní,,-27.0,-58.0,para1311,gug,Tupi-Guaraní,Tupian
kamaiurakay,Kamaiurá,,-12.083333333333334,-52.583333333333336,kama1373,kay,Tupi-Guaraní,Tupian
cocamacod,Cocama,,-5.0,-75.0,coca1259,cod,Tupi-Guaraní,Tupian
yuquiyuq,Yuqui,,-16.75,-65.0,yuqu1240,yuq,Tupi-Guaraní,Tupian
kanoe,Kanoê,,-13.25,-61.0,kano1245,,Kapixana,Kapixana
paumaripad,Paumarí,,-7.0,-65.0,paum1247,pad,Arauan,Arauan
kulinacul,Kulina,,-6.0,-70.5,culi1244,cul,Arauan,Arauan
jarawarajaa,Jarawara,,-7.5,-65.5,jama1261,jaa,Arauan,Arauan
chipayacap,Chipaya,,-18.75,-67.83333333333333,chip1262,cap,Uru-Chipaya,Uru-Chipaya
uruure,Uru,,-19.0,-67.5,uruu1244,ure,Uru-Chipaya,Uru-Chipaya
yaneshaame,Yanesha’,,-10.5,-75.41666666666667,yane1238,ame,Yanesha’,Arawakan
paresipab,Paresi,,-14.0,-57.5,pare1272,pab,Central Arawakan,Arawakan
apurinaapu,Apurinã,,-9.0,-67.0,apur1254,apu,Purus,Arawakan
campaaxinincacpc,Campa (Axininca),,-11.0,-74.0,ajyi1238,cpc,Pre-AndineArawakan,Arawakan
baurebrg,Baure,,-13.0,-63.0,baur1253,brg,Bolivia-Parana,Arawakan
palikurplu,Palikur,,3.0,-51.0,pali1279,plu,Eastern Arawakan,Arawakan
resigarorgr,Resígaro,,-1.0,-73.0,resi1247,rgr,Inland Northern Arawakan,Arawakan
achaguaaca,Achagua,,8.0,-70.0,acha1250,aca,Inland Northern Arawakan,Arawakan
barebae,Baré,,-0.3333333333333333,-64.0,bare1276,bae,Inland Northern Arawakan,Arawakan
tarianatae,Tariana,,1.0,-69.0,tari1256,tae,Inland Northern Arawakan,Arawakan
goajiroguc,Goajiro,,12.0,-72.0,wayu1243,guc,Caribbean Arawakan,Arawakan
arawakarw,Arawak,,5.5,-55.0,araw1276,arw,Caribbean Arawakan,Arawakan
yaguayad,Yagua,,-3.0,-71.0,yagu1244,yad,Peba-Yaguan,Peba-Yaguan
huitotominicahto,Huitoto (Minica),,-1.0,-72.5,mini1256,hto,Huitoto,Bora-Huitotoan
caribcar,Carib,,4.0,-53.0,gali1262,car,Cariban,Cariban
caribdekwanamch,Carib (De'kwana),,5.5,-65.0,maqu1238,mch,Cariban,Cariban
apalaiapy,Apalaí,,-8.0,-54.0,apal1257,apy,Cariban,Cariban
hixkaryanahix,Hixkaryana,,-1.0,-59.0,hixk1239,hix,Cariban,Cariban
panarepbh,Panare,,6.5,-66.0,enap1235,pbh,Cariban,Cariban
akawaioake,Akawaio,,6.0,-59.5,akaw1239,ake,Cariban,Cariban
wichimtp,Wichí,,-23.0,-63.0,wich1262,mtp,Matacoan,Matacoan
araonaaro,Araona,,-12.333333333333334,-68.0,arao1248,aro,Tacanan,Tacanan
cavinenacav,Cavineña,,-13.333333333333334,-66.5,cavi1250,cav,Tacanan,Tacanan
guatogta,Guató,,-17.833333333333332,-57.25,guat1253,gta,Guató,Guató
fulniofun,Fulniô,,-9.0,-38.0,fuln1247,fun,Fulniô,Fulniô
ofayeopy,Ofayé,,-22.25,-53.75,ofay1240,opy,Ofayé,Macro-Ge
karajakpj,Karajá,,-11.0,-50.0,kara1500,kpj,Karajá,Macro-Ge
canelaram,Canela,,-6.0,-46.0,cane1242,ram,Ge-Kaingang,Je-Jabutí
ndyukadjk,Ndyuka,,4.5,-54.5,ndyu1242,djk,Creole,Creole
saramaccansrm,Saramaccan,,4.5,-55.5,sara1340,srm,Creole,Creole
